video_id,title,views,channel_loo_avg_views,multiplier,is_viral,channel_id
vid_0,Sample Video Title 0,6188883,4942681.2105263155,1.2521307234638472,0,ch_0
vid_1,Sample Video Title 1,4091160,5408067.631578947,0.7564920187209224,0,ch_1
vid_2,Sample Video Title 2,1098775,5211023.47368421,0.21085589146675904,0,ch_2
vid_3,Sample Video Title 3,7871983,4878487.421052632,1.6136114169349085,1,ch_3
vid_4,Sample Video Title 4,3263072,4451980.894736842,0.7329483385362892,0,ch_4
vid_5,Sample Video Title 5,9823087,5363314.47368421,1.8315329164791512,1,ch_5
vid_6,Sample Video Title 6,983107,5505392.368421053,0.17857165015836457,0,ch_6
vid_7,Sample Video Title 7,194029,3517276.736842105,0.055164553294049935,0,ch_7
vid_8,Sample Video Title 8,8449261,4918533.315789473,1.7178415713601063,1,ch_8
vid_9,Sample Video Title 9,7072124,4550373.842105263,1.5541852703496752,1,ch_9
vid_10,Sample Video Title 10,1805814,5705158.894736842,0.31652299845018256,0,ch_10
vid_11,Sample Video Title 11,149665,5541454.263157895,0.027008253229620756,0,ch_11
vid_12,Sample Video Title 12,9509351,4494982.736842105,2.1155478355984796,1,ch_12
vid_13,Sample Video Title 13,9579575,5897929.52631579,1.624226765891479,1,ch_13
vid_14,Sample Video Title 14,5316566,3877473.789473684,1.3711416991184722,0,ch_14
vid_15,Sample Video Title 15,9272667,5708005.315789473,1.6245021661654242,1,ch_15
vid_16,Sample Video Title 16,8385125,4670370.421052632,1.7953875697277486,1,ch_16
vid_17,Sample Video Title 17,6312890,5225451.157894737,1.2081042974538674,0,ch_17
vid_18,Sample Video Title 18,7851469,4283895.315789473,1.8327873164974238,1,ch_18
vid_19,Sample Video Title 19,4717377,4444090.52631579,1.0614943534690222,0,ch_19
vid_20,Sample Video Title 20,9960338,5104662.947368421,1.951223440739665,1,ch_20
vid_21,Sample Video Title 21,7917023,5388150.157894737,1.4693397117719995,0,ch_21
vid_22,Sample Video Title 22,8155117,4851484.47368421,1.6809529215683972,1,ch_22
vid_23,Sample Video Title 23,82990,5131197.52631579,0.01617361241195976,0,ch_23
vid_24,Sample Video Title 24,8266152,5473277.157894737,1.5102746967713259,1,ch_24
vid_25,Sample Video Title 25,7467779,4043242.5789473685,1.8469777299203545,1,ch_25
vid_26,Sample Video Title 26,7451047,4286037.7894736845,1.7384464080746211,1,ch_26
vid_27,Sample Video Title 27,136595,5565490.7894736845,0.02454320834707051,0,ch_27
vid_28,Sample Video Title 28,4581063,3711622.789473684,1.2342479987405353,0,ch_28
vid_29,Sample Video Title 29,4703270,5564648.2105263155,0.8452052712145668,0,ch_29
vid_30,Sample Video Title 30,7728999,5613836.7894736845,1.3767765772027105,0,ch_30
vid_31,Sample Video Title 31,5004657,6219673.947368421,0.8046494144776597,0,ch_31
vid_32,Sample Video Title 32,6266192,5578190.157894737,1.1233378251044939,0,ch_32
vid_33,Sample Video Title 33,9641596,3903236.1052631577,2.470154441073776,1,ch_33
vid_34,Sample Video Title 34,3149913,4483558.52631579,0.7025475370745986,0,ch_34
vid_35,Sample Video Title 35,2194288,5286504.052631579,0.4150735492018682,0,ch_35
vid_36,Sample Video Title 36,4105835,4985118.947368421,0.8236182613374112,0,ch_36
vid_37,Sample Video Title 37,6403570,5923496.157894737,1.081045691479789,0,ch_37
vid_38,Sample Video Title 38,2612986,5483281.947368421,0.4765368669851601,0,ch_38
vid_39,Sample Video Title 39,7124936,5255356.631578947,1.3557473829983997,0,ch_39
vid_40,Sample Video Title 40,2677524,4882174.157894737,0.5484286126222712,0,ch_40
vid_41,Sample Video Title 41,3086336,5110536.578947368,0.603916233122758,0,ch_41
vid_42,Sample Video Title 42,1161198,4654610.105263158,0.24947266768584792,0,ch_42
vid_43,Sample Video Title 43,182508,4808696.842105263,0.03795373382692137,0,ch_43
vid_44,Sample Video Title 44,7258228,4306263.947368421,1.685504671495737,1,ch_44
vid_45,Sample Video Title 45,7727752,6074135.578947368,1.2722389712161277,0,ch_45
vid_46,Sample Video Title 46,925469,4607001.0,0.20088317758081478,0,ch_46
vid_47,Sample Video Title 47,1910863,5401780.0,0.35374691305393086,0,ch_47
vid_48,Sample Video Title 48,554520,5072275.105263158,0.1093237232782423,0,ch_48
vid_49,Sample Video Title 49,5866867,5098603.842105263,1.1506810847979134,0,ch_49
vid_50,Sample Video Title 50,2147860,5155366.631578947,0.4166260430129687,0,ch_0
vid_51,Sample Video Title 51,5602820,5328506.578947368,1.0514803570152123,0,ch_1
vid_52,Sample Video Title 52,4184867,5048597.578947368,0.8289167307457005,0,ch_2
vid_53,Sample Video Title 53,6184941,4967279.105263158,1.2451365967002335,0,ch_3
vid_54,Sample Video Title 54,3851251,4421024.105263158,0.871121918427551,0,ch_4
vid_55,Sample Video Title 55,2899769,5727699.631578947,0.5062711361481715,0,ch_5
vid_56,Sample Video Title 56,5913753,5245884.684210527,1.1273128091794322,0,ch_6
vid_57,Sample Video Title 57,687488,3491305.210526316,0.19691432245031126,0,ch_7
vid_58,Sample Video Title 58,5420683,5077932.157894737,1.0674981136882085,0,ch_8
vid_59,Sample Video Title 59,2498943,4791067.578947368,0.5215837511821989,0,ch_9
vid_60,Sample Video Title 60,531140,5772247.0,0.09201615939149518,0,ch_10
vid_61,Sample Video Title 61,4595908,5307441.47368421,0.8659366330800156,0,ch_11
vid_62,Sample Video Title 62,1902779,4895328.631578947,0.3886928014845834,0,ch_12
vid_63,Sample Video Title 63,4855265,6146577.421052632,0.7899135839991768,0,ch_13
vid_64,Sample Video Title 64,1051766,4101936.947368421,0.25640715922564133,0,ch_14
vid_65,Sample Video Title 65,3333521,6020591.947368421,0.553686585826753,0,ch_15
vid_66,Sample Video Title 66,2276815,4991860.421052632,0.4561055013463954,0,ch_16
vid_67,Sample Video Title 67,5962870,5243873.263157895,1.1371117684865155,0,ch_17
vid_68,Sample Video Title 68,907697,4649357.0,0.19523065232419187,0,ch_18
vid_69,Sample Video Title 69,2813687,4544284.736842105,0.6191704884120188,0,ch_19
vid_70,Sample Video Title 70,8533313,5179769.52631579,1.6474310211352219,1,ch_20
vid_71,Sample Video Title 71,9750298,5291662.0,1.8425776249468646,1,ch_21
vid_72,Sample Video Title 72,179998,5271227.578947368,0.034147264048804936,0,ch_22
vid_73,Sample Video Title 73,8853151,4669610.105263158,1.8959079667063807,1,ch_23
vid_74,Sample Video Title 74,6382760,5572403.052631579,1.1454232473320956,0,ch_24
vid_75,Sample Video Title 75,4024862,4224448.736842105,0.9527543712127445,0,ch_25
vid_76,Sample Video Title 76,5715646,4377374.684210527,1.3057246437239305,0,ch_26
vid_77,Sample Video Title 77,2847997,5422785.421052632,0.5251907975075133,0,ch_27
vid_78,Sample Video Title 78,5706058,3652412.5263157897,1.5622709534785524,1,ch_28
vid_79,Sample Video Title 79,2246134,5693971.157894737,0.39447583026158684,0,ch_29
vid_80,Sample Video Title 80,2495580,5889279.894736842,0.42374960005314466,0,ch_30
vid_81,Sample Video Title 81,8675015,6026497.2105263155,1.43947880450906,0,ch_31
vid_82,Sample Video Title 82,5166225,5636083.157894737,0.9166339202703655,0,ch_32
vid_83,Sample Video Title 83,1183084,4348420.947368421,0.27207209566802837,0,ch_33
vid_84,Sample Video Title 84,254823,4635931.684210527,0.0549669445879346,0,ch_34
vid_85,Sample Video Title 85,3616043,5211674.842105263,0.6938351124246954,0,ch_35
vid_86,Sample Video Title 86,4165239,4981992.421052632,0.8360588792528868,0,ch_36
vid_87,Sample Video Title 87,7922070,5843575.105263158,1.3556889159944636,0,ch_37
vid_88,Sample Video Title 88,3448109,5439328.105263158,0.6339218619037212,0,ch_38
vid_89,Sample Video Title 89,9676721,5121052.157894737,1.8895962590545459,1,ch_39
vid_90,Sample Video Title 90,5139994,4752570.47368421,1.0815187335885295,0,ch_40
vid_91,Sample Video Title 91,1109812,5214564.157894737,0.21282929241893409,0,ch_41
vid_92,Sample Video Title 92,8818206,4251609.684210527,2.0740864413607842,1,ch_42
vid_93,Sample Video Title 93,1833083,4721824.47368421,0.3882149813514462,0,ch_43
vid_94,Sample Video Title 94,3673953,4494910.0,0.8173585233056562,0,ch_44
vid_95,Sample Video Title 95,6247882,6152023.47368421,1.015581625576638,0,ch_45
vid_96,Sample Video Title 96,9239173,4169437.6315789474,2.2159278579924475,1,ch_46
vid_97,Sample Video Title 97,5696494,5202536.263157895,1.0949455634416525,0,ch_47
vid_98,Sample Video Title 98,6898147,4738400.0,1.4557966824213748,0,ch_48
vid_99,Sample Video Title 99,8570396,4956312.842105263,1.7291878606158189,1,ch_49
vid_100,Sample Video Title 100,95196,5263401.578947368,0.01808640259952528,0,ch_0
vid_101,Sample Video Title 101,2419663,5496041.157894737,0.44025561863194845,0,ch_1
vid_102,Sample Video Title 102,9079031,4791010.0,1.8950139949574412,1,ch_2
vid_103,Sample Video Title 103,6545112,4948322.736842105,1.322693031167102,0,ch_3
vid_104,Sample Video Title 104,8348321,4184336.210526316,1.9951362844550142,1,ch_4
vid_105,Sample Video Title 105,5297262,5601515.7894736845,0.9456836683286884,0,ch_5
vid_106,Sample Video Title 106,3392601,5378576.894736842,0.6307618290841006,0,ch_6
vid_107,Sample Video Title 107,6164763,3203027.5789473685,1.9246674741422984,1,ch_7
vid_108,Sample Video Title 108,7831758,4951033.47368421,1.5818430720801286,1,ch_8
vid_109,Sample Video Title 109,5455235,4635473.263157895,1.176845316603526,0,ch_9
vid_110,Sample Video Title 110,5738750,5498162.263157895,1.043757845861298,0,ch_10
vid_111,Sample Video Title 111,7951352,5130839.157894737,1.549717649548591,1,ch_11
vid_112,Sample Video Title 112,9257413,4508242.631578947,2.053441608296311,1,ch_12
vid_113,Sample Video Title 113,8402934,5959858.0,1.4099218471288915,0,ch_13
vid_114,Sample Video Title 114,4057812,3943724.0,1.0289290021283717,0,ch_14
vid_115,Sample Video Title 115,9608840,5690312.0,1.6886314845272306,1,ch_15
vid_116,Sample Video Title 116,3504090,4927267.0,0.7111630037489116,0,ch_16
vid_117,Sample Video Title 117,4130127,5340333.421052632,0.7733837336280359,0,ch_17
vid_118,Sample Video Title 118,6518491,4354052.052631579,1.4971091115103385,0,ch_18
vid_119,Sample Video Title 119,9295436,4203140.052631579,2.2115456262653033,1,ch_19
vid_120,Sample Video Title 120,3860569,5425703.421052632,0.7115333626628457,0,ch_20
vid_121,Sample Video Title 121,6917400,5440761.894736842,1.2714028170721605,0,ch_21
vid_122,Sample Video Title 122,1652822,5193710.52631579,0.31823529471313516,0,ch_22
vid_123,Sample Video Title 123,2496946,5004147.2105263155,0.49897532885176493,0,ch_23
vid_124,Sample Video Title 124,4470370,5673055.157894737,0.7880004469498352,0,ch_24
vid_125,Sample Video Title 125,2950070,4281016.736842105,0.6891049910188463,0,ch_25
vid_126,Sample Video Title 126,4198580,4457220.263157895,0.9419727435717816,0,ch_26
vid_127,Sample Video Title 127,7894274,5157191.894736842,1.5307310957424665,1,ch_27
vid_128,Sample Video Title 128,2154651,3839328.6842105263,0.5612051421529816,0,ch_28
vid_129,Sample Video Title 129,8261447,5377375.736842105,1.536334339328912,1,ch_29
vid_130,Sample Video Title 130,9495189,5520879.421052632,1.7198689331585535,1,ch_30
vid_131,Sample Video Title 131,2064402,6374424.2105263155,0.32385701544427187,0,ch_31
vid_132,Sample Video Title 132,1920121,5806930.736842105,0.3306602208658138,0,ch_32
vid_133,Sample Video Title 133,875530,4364608.0,0.20059762526164873,0,ch_33
vid_134,Sample Video Title 134,7799883,4238823.263157895,1.8401057358949047,1,ch_34
vid_135,Sample Video Title 135,4351402,5172971.736842105,0.8411803159489032,0,ch_35
vid_136,Sample Video Title 136,5639149,4904418.2105263155,1.1498099790685141,0,ch_36
vid_137,Sample Video Title 137,7840418,5847872.578947368,1.3407299653231994,0,ch_37
vid_138,Sample Video Title 138,4910316,5362369.842105263,0.9156988690774556,0,ch_38
vid_139,Sample Video Title 139,8155184,5201133.052631579,1.5679629645040714,1,ch_39
vid_140,Sample Video Title 140,9133274,4542397.842105263,2.0106724063929415,1,ch_40
vid_141,Sample Video Title 141,9877844,4753088.7894736845,2.078194714530676,1,ch_41
vid_142,Sample Video Title 142,3275307,4543341.2105263155,0.7209027119522394,0,ch_42
vid_143,Sample Video Title 143,4400470,4586698.842105263,0.9593980663379724,0,ch_43
vid_144,Sample Video Title 144,2354618,4564348.684210527,0.515871630960225,0,ch_44
vid_145,Sample Video Title 145,7826290,6068949.368421053,1.2895625791030871,0,ch_45
vid_146,Sample Video Title 146,661205,4620909.631578947,0.14308979242527145,0,ch_46
vid_147,Sample Video Title 147,8063248,5077970.263157895,1.5878879910907038,1,ch_47
vid_148,Sample Video Title 148,4060902,4887728.684210527,0.8308362150113116,0,ch_48
vid_149,Sample Video Title 149,8380551,4966304.684210527,1.6874822494535187,1,ch_49
vid_150,Sample Video Title 150,8235717,4834953.105263158,1.7033706058116382,1,ch_0
vid_151,Sample Video Title 151,7367312,5235638.578947368,1.4071467861838425,0,ch_1
vid_152,Sample Video Title 152,605691,5236975.263157895,0.11565664712221917,0,ch_2
vid_153,Sample Video Title 153,7021028,4923274.52631579,1.426089071908763,0,ch_3
vid_154,Sample Video Title 154,4971768,4362049.52631579,1.1397779805099517,0,ch_4
vid_155,Sample Video Title 155,1209992,5816635.263157895,0.20802267036785219,0,ch_5
vid_156,Sample Video Title 156,8561845,5106511.421052632,1.6766524725050622,1,ch_6
vid_157,Sample Video Title 157,2269007,3408067.3684210526,0.665775278099789,0,ch_7
vid_158,Sample Video Title 158,2605704,5226088.947368421,0.49859541738322455,0,ch_8
vid_159,Sample Video Title 159,5327488,4642196.7894736845,1.1476221800998951,0,ch_9
vid_160,Sample Video Title 160,8709963,5341782.631578947,1.6305348983114962,1,ch_10
vid_161,Sample Video Title 161,3493206,5365478.421052632,0.6510521012044572,0,ch_11
vid_162,Sample Video Title 162,5986419,4680400.2105263155,1.2790399817784026,0,ch_12
vid_163,Sample Video Title 163,9063831,5925073.947368421,1.529741414284009,1,ch_13
vid_164,Sample Video Title 164,5933350,3845011.4736842103,1.543129335398148,1,ch_14
vid_165,Sample Video Title 165,5047408,5930387.368421053,0.8511093266636554,0,ch_15
vid_166,Sample Video Title 166,1879610,5012765.947368421,0.3749646442166325,0,ch_16
vid_167,Sample Video Title 167,4954710,5296934.315789473,0.9353920031104217,0,ch_17
vid_168,Sample Video Title 168,5763244,4393801.894736842,1.3116758875475112,0,ch_18
vid_169,Sample Video Title 169,6229895,4364484.315789473,1.42740689374177,0,ch_19
vid_170,Sample Video Title 170,2194912,5513369.578947368,0.39810717721105127,0,ch_20
vid_171,Sample Video Title 171,734203,5766193.315789473,0.1273288909666401,0,ch_21
vid_172,Sample Video Title 172,9584094,4776275.157894737,2.0066042435051763,1,ch_22
vid_173,Sample Video Title 173,4154548,4916905.0,0.844951854874469,0,ch_23
vid_174,Sample Video Title 174,8940732,5437772.947368421,1.6441900179576963,1,ch_24
vid_175,Sample Video Title 175,4901602,4178304.5263157897,1.1731078884071298,0,ch_25
vid_176,Sample Video Title 176,3333708,4502739.842105263,0.7403732209484961,0,ch_26
vid_177,Sample Video Title 177,5033649,5307751.105263158,0.9483581464472135,0,ch_27
vid_178,Sample Video Title 178,6972959,3585733.5263157897,1.9446394855629483,1,ch_28
vid_179,Sample Video Title 179,6657565,5461790.578947368,1.2189345057735443,0,ch_29
vid_180,Sample Video Title 180,4930575,5761122.263157895,0.855835855371832,0,ch_30
vid_181,Sample Video Title 181,8506543,6035364.157894737,1.4094498322621793,0,ch_31
vid_182,Sample Video Title 182,9827075,5390775.263157895,1.8229428088280404,1,ch_32
vid_183,Sample Video Title 183,1154380,4349931.684210527,0.2653788803597857,0,ch_33
vid_184,Sample Video Title 184,2027244,4542646.368421053,0.44626938475516276,0,ch_34
vid_185,Sample Video Title 185,5970518,5087755.105263158,1.1735073478304627,0,ch_35
vid_186,Sample Video Title 186,6360809,4866436.105263158,1.3070774715623152,0,ch_36
vid_187,Sample Video Title 187,6405044,5923418.578947368,1.0813086927122761,0,ch_37
vid_188,Sample Video Title 188,1577295,5537792.0,0.2848238070330471,0,ch_38
vid_189,Sample Video Title 189,6785354,5273229.368421053,1.2867549514575451,0,ch_39
vid_190,Sample Video Title 190,3483756,4839740.894736842,0.7198228326192717,0,ch_40
vid_191,Sample Video Title 191,7306561,4888419.47368421,1.4946673540023325,0,ch_41
vid_192,Sample Video Title 192,262891,4701889.421052632,0.055911778533614766,0,ch_42
vid_193,Sample Video Title 193,7778504,4408907.578947368,1.764270141911091,1,ch_43
vid_194,Sample Video Title 194,6118436,4366253.0,1.401301298845025,0,ch_44
vid_195,Sample Video Title 195,8257017,6046279.52631579,1.3656360021147806,0,ch_45
vid_196,Sample Video Title 196,3812421,4455056.157894737,0.8557515023094624,0,ch_46
vid_197,Sample Video Title 197,6250839,5173360.2105263155,1.208274457144747,0,ch_47
vid_198,Sample Video Title 198,5124685,4831740.105263158,1.0606292739974021,0,ch_48
vid_199,Sample Video Title 199,5212669,5133035.315789473,1.0155139560320996,0,ch_49
vid_200,Sample Video Title 200,8853840,4802420.315789473,1.843620386760353,1,ch_0
vid_201,Sample Video Title 201,3206465,5454630.52631579,0.5878427483813203,0,ch_1
vid_202,Sample Video Title 202,6972650,4901872.157894737,1.4224463175270567,0,ch_2
vid_203,Sample Video Title 203,3882713,5088449.0,0.7630444954822914,0,ch_3
vid_204,Sample Video Title 204,6776591,4267058.842105263,1.588117542021219,1,ch_4
vid_205,Sample Video Title 205,9433327,5383828.157894737,1.7521597501490902,1,ch_5
vid_206,Sample Video Title 206,9132857,5076458.157894737,1.7990608246773192,1,ch_6
vid_207,Sample Video Title 207,6543232,3183108.1578947366,2.0556109548935484,1,ch_7
vid_208,Sample Video Title 208,2535467,5229785.631578947,0.4848127970456904,0,ch_8
vid_209,Sample Video Title 209,5144478,4651828.894736842,1.1059043908105672,0,ch_9
vid_210,Sample Video Title 210,9425740,5304110.157894737,1.7770633941214027,1,ch_10
vid_211,Sample Video Title 211,598835,5517813.736842105,0.10852758511954293,0,ch_11
vid_212,Sample Video Title 212,1312726,4926384.052631579,0.2664684657088605,0,ch_12
vid_213,Sample Video Title 213,3608991,6212170.7894736845,0.5809548903757613,0,ch_13
vid_214,Sample Video Title 214,7201828,3778249.4736842103,1.9061282348193809,1,ch_14
vid_215,Sample Video Title 215,9011601,5721745.631578947,1.5749740691456515,1,ch_15
vid_216,Sample Video Title 216,3248727,4940707.157894737,0.6575429176777451,0,ch_16
vid_217,Sample Video Title 217,2239476,5439841.368421053,0.41168038704148924,0,ch_17
vid_218,Sample Video Title 218,2300462,4576053.578947368,0.5027174529989112,0,ch_18
vid_219,Sample Video Title 219,1489748,4613965.736842105,0.32287799367499986,0,ch_19
vid_220,Sample Video Title 220,5073862,5361845.894736842,0.9462901582029822,0,ch_20
vid_221,Sample Video Title 221,6870216,5443245.263157895,1.2621544074980058,0,ch_21
vid_222,Sample Video Title 222,1377819,5208184.368421053,0.2645488144297517,0,ch_22
vid_223,Sample Video Title 223,6701901,4782833.7894736845,1.4012406232338428,0,ch_23
vid_224,Sample Video Title 224,6584481,5561786.157894737,1.183878849898202,0,ch_24
vid_225,Sample Video Title 225,7535838,4039660.5263157897,1.8654631870401506,1,ch_25
vid_226,Sample Video Title 226,3657802,4485682.263157895,0.8154393881248232,0,ch_26
vid_227,Sample Video Title 227,3533528,5386704.842105263,0.6559720837818258,0,ch_27
vid_228,Sample Video Title 228,8327337,3514450.4736842103,2.3694563523744097,1,ch_28
vid_229,Sample Video Title 229,3266481,5640268.684210527,0.5791357083995762,0,ch_29
vid_230,Sample Video Title 230,6400576,5683753.7894736845,1.1261177449034843,0,ch_30
vid_231,Sample Video Title 231,7083623,6110254.684210527,1.1593007764951526,0,ch_31
vid_232,Sample Video Title 232,4380580,5677432.894736842,0.77157759170579,0,ch_32
vid_233,Sample Video Title 233,516140,4383523.263157895,0.11774546843102522,0,ch_33
vid_234,Sample Video Title 234,2057213,4541069.052631579,0.4530239413125201,0,ch_34
vid_235,Sample Video Title 235,9856136,4883248.894736842,2.0183562649454023,1,ch_35
vid_236,Sample Video Title 236,163385,5192616.315789473,0.03146487051293808,0,ch_36
vid_237,Sample Video Title 237,7556179,5862832.52631579,1.288827365624142,0,ch_37
vid_238,Sample Video Title 238,3262836,5449079.315789473,0.5987866593425216,0,ch_38
vid_239,Sample Video Title 239,564463,5600644.684210527,0.10078536165494303,0,ch_39
vid_240,Sample Video Title 240,3967248,4814293.947368421,0.8240560388217111,0,ch_40
vid_241,Sample Video Title 241,4641377,5028692.315789473,0.9229789194732435,0,ch_41
vid_242,Sample Video Title 242,5182875,4442942.894736842,1.1665409893357002,0,ch_42
vid_243,Sample Video Title 243,4004360,4607546.736842105,0.8690872233530061,0,ch_43
vid_244,Sample Video Title 244,105327,4682732.421052632,0.02249263689000163,0,ch_44
vid_245,Sample Video Title 245,9343657,5989087.947368421,1.5601135067802705,1,ch_45
vid_246,Sample Video Title 246,7564180,4257595.157894737,1.7766320468389747,1,ch_46
vid_247,Sample Video Title 247,8842789,5036941.7894736845,1.7555868956957783,1,ch_47
vid_248,Sample Video Title 248,5107054,4832668.052631579,1.0567773214236056,0,ch_48
vid_249,Sample Video Title 249,5957308,5093843.7894736845,1.1695113250820433,0,ch_49
vid_250,Sample Video Title 250,3701455,5073598.47368421,0.7295522141122218,0,ch_0
vid_251,Sample Video Title 251,9751845,5110136.842105263,1.90833343632406,1,ch_1
vid_252,Sample Video Title 252,7468974,4875749.842105263,1.5318616093642143,1,ch_2
vid_253,Sample Video Title 253,5957539,4979247.631578947,1.1964737327391903,0,ch_3
vid_254,Sample Video Title 254,8695794,4166048.1578947366,2.087300403261167,1,ch_4
vid_255,Sample Video Title 255,5649642,5582969.47368421,1.011942126250186,0,ch_5
vid_256,Sample Video Title 256,6060250,5238174.315789473,1.1569393522703069,0,ch_6
vid_257,Sample Video Title 257,2046847,3419760.0,0.598535277327653,0,ch_7
vid_258,Sample Video Title 258,9775476,4848732.52631579,2.0160889360105694,1,ch_8
vid_259,Sample Video Title 259,7467046,4529588.47368421,1.6485042831959698,1,ch_9
vid_260,Sample Video Title 260,5982046,5485357.2105263155,1.0905481211888337,0,ch_10
vid_261,Sample Video Title 261,4974014,5287541.157894737,0.9407045451672709,0,ch_11
vid_262,Sample Video Title 262,1335360,4925192.7894736845,0.2711284729505965,0,ch_12
vid_263,Sample Video Title 263,3746737,6204921.0,0.6038331511382597,0,ch_13
vid_264,Sample Video Title 264,2803093,4009761.8421052634,0.6990672040814495,0,ch_14
vid_265,Sample Video Title 265,7694697,5791056.368421053,1.328720791243946,0,ch_15
vid_266,Sample Video Title 266,761878,5071593.947368421,0.1502245660644472,0,ch_16
vid_267,Sample Video Title 267,2498813,5426192.052631579,0.4605095020150508,0,ch_17
vid_268,Sample Video Title 268,1838153,4600385.631578947,0.39956498154810394,0,ch_18
vid_269,Sample Video Title 269,3776705,4493599.578947368,0.8404631818298982,0,ch_19
vid_270,Sample Video Title 270,490595,5603070.47368421,0.0875582419145518,0,ch_20
vid_271,Sample Video Title 271,3064512,5643545.47368421,0.5430118379101144,0,ch_21
vid_272,Sample Video Title 272,1677352,5192419.47368421,0.32303861590878513,0,ch_22
vid_273,Sample Video Title 273,5832428,4828595.52631579,1.2078932617572244,0,ch_23
vid_274,Sample Video Title 274,2679264,5767323.894736842,0.4645593084238608,0,ch_24
vid_275,Sample Video Title 275,3914606,4230251.684210527,0.9253837105253259,0,ch_25
vid_276,Sample Video Title 276,2707994,4535672.157894737,0.5970435925975222,0,ch_26
vid_277,Sample Video Title 277,3931670,5365750.0,0.7327344732782319,0,ch_27
vid_278,Sample Video Title 278,5800190,3647458.210526316,1.5902005356072744,1,ch_28
vid_279,Sample Video Title 279,4275079,5587184.578947368,0.7651580039257945,0,ch_29
vid_280,Sample Video Title 280,5469480,5732758.842105263,0.9540746699161484,0,ch_30
vid_281,Sample Video Title 281,2996490,6325366.947368421,0.4737258762895819,0,ch_31
vid_282,Sample Video Title 282,8276645,5472376.842105263,1.512440615621199,1,ch_32
vid_283,Sample Video Title 283,5552046,4118475.5789473685,1.3480827780956646,0,ch_33
vid_284,Sample Video Title 284,435709,4626411.368421053,0.09417861173632758,0,ch_34
vid_285,Sample Video Title 285,7511070,5006673.421052632,1.5002116911403875,1,ch_35
vid_286,Sample Video Title 286,4754194,4950994.7894736845,0.9602502531608991,0,ch_36
vid_287,Sample Video Title 287,4220561,6038391.368421053,0.698954529854633,0,ch_37
vid_288,Sample Video Title 288,6754727,5265295.578947368,1.2828770766441129,0,ch_38
vid_289,Sample Video Title 289,2083872,5520675.7894736845,0.3774668318631499,0,ch_39
vid_290,Sample Video Title 290,9381433,4529336.842105263,2.0712597289670205,1,ch_40
vid_291,Sample Video Title 291,3696928,5078400.157894737,0.7279709918576583,0,ch_41
vid_292,Sample Video Title 292,3931143,4508823.52631579,0.8718777696769744,0,ch_42
vid_293,Sample Video Title 293,9260245,4330921.2105263155,2.138169814189085,1,ch_43
vid_294,Sample Video Title 294,9430965,4191909.3684210526,2.2498017421425835,1,ch_44
vid_295,Sample Video Title 295,3580242,6292425.578947368,0.568976455116571,0,ch_45
vid_296,Sample Video Title 296,1646320,4569061.47368421,0.3603190741640221,0,ch_46
vid_297,Sample Video Title 297,2121860,5390674.894736842,0.39361676254446937,0,ch_47
vid_298,Sample Video Title 298,2673162,4960767.631578947,0.5388605551644795,0,ch_48
vid_299,Sample Video Title 299,1770218,5314216.947368421,0.3331098480789863,0,ch_49
vid_300,Sample Video Title 300,4476114,5032826.947368421,0.8893836499448069,0,ch_0
vid_301,Sample Video Title 301,1578562,5540309.631578947,0.2849230647687235,0,ch_1
vid_302,Sample Video Title 302,4842276,5013997.105263158,0.9657516544848899,0,ch_2
vid_303,Sample Video Title 303,3709054,5097588.947368421,0.7276094715144669,0,ch_3
vid_304,Sample Video Title 304,7024744,4253998.157894737,1.6513274663616606,1,ch_4
vid_305,Sample Video Title 305,3607713,5690439.421052632,0.6339955024644295,0,ch_5
vid_306,Sample Video Title 306,7485022,5163186.315789473,1.4496904706103002,0,ch_6
vid_307,Sample Video Title 307,1076480,3470831.947368421,0.3101504239676841,0,ch_7
vid_308,Sample Video Title 308,2247771,5244927.52631579,0.4285609264794976,0,ch_8
vid_309,Sample Video Title 309,7799038,4512115.2105263155,1.728466059950849,1,ch_9
vid_310,Sample Video Title 310,7102006,5426411.947368421,1.3087848966997584,0,ch_10
vid_311,Sample Video Title 311,8673715,5092820.052631579,1.7031261482527853,1,ch_11
vid_312,Sample Video Title 312,2462486,4865870.368421053,0.5060730791301377,0,ch_12
vid_313,Sample Video Title 313,8202226,5970421.578947368,1.373810189368969,0,ch_13
vid_314,Sample Video Title 314,4890378,3899904.736842105,1.2539737070468489,0,ch_14
vid_315,Sample Video Title 315,3815725,5995212.7894736845,0.6364619795803137,0,ch_15
vid_316,Sample Video Title 316,5448479,4824930.736842105,1.1292346558232071,0,ch_16
vid_317,Sample Video Title 317,3514427,5372738.684210527,0.6541220793636776,0,ch_17
vid_318,Sample Video Title 318,4183583,4476941.947368421,0.9344733635533953,0,ch_18
vid_319,Sample Video Title 319,1631010,4606530.894736842,0.35406470449594896,0,ch_19
vid_320,Sample Video Title 320,645520,5594916.52631579,0.11537616280111267,0,ch_20
vid_321,Sample Video Title 321,6277829,5474423.52631579,1.1467561780360505,0,ch_21
vid_322,Sample Video Title 322,7180247,4902793.421052632,1.4645216274365795,0,ch_22
vid_323,Sample Video Title 323,6584365,4789019.894736842,1.3748877943110036,0,ch_23
vid_324,Sample Video Title 324,1830706,5811984.842105263,0.3149880892211201,0,ch_24
vid_325,Sample Video Title 325,1779453,4342628.157894737,0.4097640726528526,0,ch_25
vid_326,Sample Video Title 326,6869866,4316626.263157895,1.591489645193033,1,ch_26
vid_327,Sample Video Title 327,7053181,5201459.947368421,1.3560002521128443,0,ch_27
vid_328,Sample Video Title 328,132470,3945759.263157895,0.03357275271113348,0,ch_28
vid_329,Sample Video Title 329,499732,5785887.052631579,0.08637085298300881,0,ch_29
vid_330,Sample Video Title 330,1166985,5959205.947368421,0.19582894269888107,0,ch_30
vid_331,Sample Video Title 331,8557046,6032706.105263158,1.41844237903788,0,ch_31
vid_332,Sample Video Title 332,8031565,5485275.7894736845,1.464204409812545,0,ch_32
vid_333,Sample Video Title 333,3900792,4205383.684210527,0.9275710120426306,0,ch_33
vid_334,Sample Video Title 334,5197847,4375772.52631579,1.1878695633121685,0,ch_34
vid_335,Sample Video Title 335,2537471,5268441.7894736845,0.48163595639701967,0,ch_35
vid_336,Sample Video Title 336,1022608,5147394.052631579,0.19866518660548443,0,ch_36
vid_337,Sample Video Title 337,5273859,5982954.631578947,0.8814806938623524,0,ch_37
vid_338,Sample Video Title 338,9759173,5107166.842105263,1.9108780468111732,1,ch_38
vid_339,Sample Video Title 339,7926339,5213177.52631579,1.5204429467389398,1,ch_39
vid_340,Sample Video Title 340,4494048,4786567.631578947,0.9388873919469007,0,ch_40
vid_341,Sample Video Title 341,3856914,5069979.842105263,0.760735568998011,0,ch_41
vid_342,Sample Video Title 342,3238666,4545269.684210527,0.7125354984421354,0,ch_42
vid_343,Sample Video Title 343,1779442,4724647.684210527,0.37662956455843605,0,ch_43
vid_344,Sample Video Title 344,2200057,4572483.47368421,0.4811514383063534,0,ch_44
vid_345,Sample Video Title 345,4459186,6246165.368421053,0.7139077717246036,0,ch_45
vid_346,Sample Video Title 346,1143097,4595546.894736842,0.24874014479248843,0,ch_46
vid_347,Sample Video Title 347,8458588,5057162.894736842,1.6725955196710014,1,ch_47
vid_348,Sample Video Title 348,5727889,4799992.52631579,1.1933120663386698,0,ch_48
vid_349,Sample Video Title 349,9625339,4900789.52631579,1.964038436724356,1,ch_49
vid_350,Sample Video Title 350,8484960,4821835.052631579,1.7596952005547404,1,ch_0
vid_351,Sample Video Title 351,8147735,5194563.684210527,1.568511908853922,1,ch_1
vid_352,Sample Video Title 352,5180111,4996216.315789473,1.0368067898939843,0,ch_2
vid_353,Sample Video Title 353,6570377,4946993.0,1.3281557099407093,0,ch_3
vid_354,Sample Video Title 354,1355928,4552356.894736842,0.2978518669229697,0,ch_4
vid_355,Sample Video Title 355,7975206,5460571.368421053,1.4605076029418256,0,ch_5
vid_356,Sample Video Title 356,3048176,5396704.52631579,0.5648217324351597,0,ch_6
vid_357,Sample Video Title 357,2950375,3372205.8947368423,0.8749095079265585,0,ch_7
vid_358,Sample Video Title 358,1548458,5281733.47368421,0.293172309377618,0,ch_8
vid_359,Sample Video Title 359,7719970,4516276.684210527,1.7093660419373544,1,ch_9
vid_360,Sample Video Title 360,1377095,5727723.052631579,0.24042625443716156,0,ch_10
vid_361,Sample Video Title 361,1077147,5492639.421052632,0.1961073570330255,0,ch_11
vid_362,Sample Video Title 362,7722791,4589012.2105263155,1.6828874375772127,1,ch_12
vid_363,Sample Video Title 363,5471222,6114158.631578947,0.894844626983147,0,ch_13
vid_364,Sample Video Title 364,3320942,3982506.6315789474,0.8338823528022613,0,ch_14
vid_365,Sample Video Title 365,1053669,6140584.157894737,0.1715910038694964,0,ch_15
vid_366,Sample Video Title 366,9977343,4586569.47368421,2.175338901378036,1,ch_16
vid_367,Sample Video Title 367,9935761,5034773.736842105,1.9734275102126324,1,ch_17
vid_368,Sample Video Title 368,7899052,4281390.947368421,1.8449733035561129,1,ch_18
vid_369,Sample Video Title 369,8778907,4230325.7894736845,2.075231893917909,1,ch_19
vid_370,Sample Video Title 370,6710760,5275693.368421053,1.2720147914881044,0,ch_20
vid_371,Sample Video Title 371,5726968,5503416.2105263155,1.0406205492936722,0,ch_21
vid_372,Sample Video Title 372,3145597,5115143.421052632,0.6149577325725358,0,ch_22
vid_373,Sample Video Title 373,1068995,5079302.52631579,0.21046098247927714,0,ch_23
vid_374,Sample Video Title 374,5294760,5629666.2105263155,0.9405104675816277,0,ch_24
vid_375,Sample Video Title 375,1471411,4358840.894736842,0.3375693299044948,0,ch_25
vid_376,Sample Video Title 376,9814440,4161648.6842105263,2.3583057448392566,1,ch_26
vid_377,Sample Video Title 377,5391208,5288932.2105263155,1.0193377009559579,0,ch_27
vid_378,Sample Video Title 378,2284153,3832512.789473684,0.5959935753554839,0,ch_28
vid_379,Sample Video Title 379,7291741,5428412.894736842,1.3432546752396688,0,ch_29
vid_380,Sample Video Title 380,8067323,5596030.263157895,1.4416153274040935,0,ch_30
vid_381,Sample Video Title 381,2534510,6349681.684210527,0.3991554421221559,0,ch_31
vid_382,Sample Video Title 382,1129649,5848534.52631579,0.19315077903963007,0,ch_32
vid_383,Sample Video Title 383,2440502,4282241.052631579,0.569912335620278,0,ch_33
vid_384,Sample Video Title 384,817879,4606297.157894737,0.17755671680808974,0,ch_34
vid_385,Sample Video Title 385,611213,5369823.7894736845,0.1138236605076326,0,ch_35
vid_386,Sample Video Title 386,5677959,4902375.578947368,1.1582056308316513,0,ch_36
vid_387,Sample Video Title 387,3847709,6058015.157894737,0.6351435081801269,0,ch_37
vid_388,Sample Video Title 388,8891092,5152855.315789473,1.7254689788666295,1,ch_38
vid_389,Sample Video Title 389,4696440,5383172.2105263155,0.8724298269350931,0,ch_39
vid_390,Sample Video Title 390,2732891,4879260.105263158,0.560103569196175,0,ch_40
vid_391,Sample Video Title 391,7794090,4862760.052631579,1.6028119659669504,1,ch_41
vid_392,Sample Video Title 392,7567446,4317439.157894737,1.752762626925471,1,ch_42
vid_393,Sample Video Title 393,5064267,4551762.157894737,1.112594820273118,0,ch_43
vid_394,Sample Video Title 394,829350,4644625.947368421,0.17856120372149933,0,ch_44
vid_395,Sample Video Title 395,8211922,6048652.947368421,1.3576447634607924,0,ch_45
vid_396,Sample Video Title 396,7169860,4278348.842105263,1.6758474506382566,1,ch_46
vid_397,Sample Video Title 397,9429653,5006054.2105263155,1.8836497975098376,1,ch_47
vid_398,Sample Video Title 398,5730722,4799843.421052632,1.1939393636993438,0,ch_48
vid_399,Sample Video Title 399,813005,5364596.578947368,0.151550072411598,0,ch_49
vid_400,Sample Video Title 400,2416695,5141217.421052632,0.4700627890388842,0,ch_0
vid_401,Sample Video Title 401,1989598,5518676.157894737,0.36052088273927385,0,ch_1
vid_402,Sample Video Title 402,5793704,4963921.947368421,1.167162590672847,0,ch_2
vid_403,Sample Video Title 403,5251658,5016399.263157895,1.0468979290702507,0,ch_3
vid_404,Sample Video Title 404,1494886,4545043.315789473,0.32890467617843805,0,ch_4
vid_405,Sample Video Title 405,2299102,5759313.684210527,0.39919721794267293,0,ch_5
vid_406,Sample Video Title 406,7424966,5166347.157894737,1.4371790692848578,0,ch_6
vid_407,Sample Video Title 407,1403871,3453600.8421052634,0.4064948626605489,0,ch_7
vid_408,Sample Video Title 408,4495576,5126622.0,0.8769080302763167,0,ch_8
vid_409,Sample Video Title 409,6545614,4578084.894736842,1.4297712144898873,0,ch_9
vid_410,Sample Video Title 410,8378241,5359241.684210527,1.5633258385544468,1,ch_10
vid_411,Sample Video Title 411,5298914,5270441.157894737,1.0054023640986027,0,ch_11
vid_412,Sample Video Title 412,9676254,4486198.368421053,2.1568939233919906,1,ch_12
vid_413,Sample Video Title 413,5202337,6128310.47368421,0.8489023234594667,0,ch_13
vid_414,Sample Video Title 414,3859317,3954171.1052631577,0.9760116336021313,0,ch_14
vid_415,Sample Video Title 415,188289,6186130.47368421,0.030437282369112122,0,ch_15
vid_416,Sample Video Title 416,1310273,5042731.052631579,0.2598340039002532,0,ch_16
vid_417,Sample Video Title 417,2794681,5410620.052631579,0.51651769534909,0,ch_17
vid_418,Sample Video Title 418,1697111,4607808.894736842,0.36831193280059876,0,ch_18
vid_419,Sample Video Title 419,2730476,4548664.263157895,0.6002808389508119,0,ch_19
vid_420,Sample Video Title 420,2866654,5478014.736842105,0.523301622523071,0,ch_20
vid_421,Sample Video Title 421,4589754,5563269.578947368,0.8250101733988203,0,ch_21
vid_422,Sample Video Title 422,7846311,4867737.421052632,1.6119010376461809,1,ch_22
vid_423,Sample Video Title 423,390582,5115008.47368421,0.07635999080132709,0,ch_23
vid_424,Sample Video Title 424,8912845,5439240.684210527,1.6386193436625356,1,ch_24
vid_425,Sample Video Title 425,4813685,4182931.736842105,1.1507921483850398,0,ch_25
vid_426,Sample Video Title 426,8248014,4244092.157894737,1.9434106737380457,1,ch_26
vid_427,Sample Video Title 427,8837007,5107574.368421053,1.7301768633306376,1,ch_27
vid_428,Sample Video Title 428,1937379,3850764.052631579,0.5031154787764731,0,ch_28
vid_429,Sample Video Title 429,5346792,5530778.631578947,0.9667340452683985,0,ch_29
vid_430,Sample Video Title 430,5849003,5712783.947368421,1.0238446007894435,0,ch_30
vid_431,Sample Video Title 431,9935334,5960164.631578947,1.6669563030763623,1,ch_31
vid_432,Sample Video Title 432,2280342,5787971.736842105,0.3939794635625166,0,ch_32
vid_433,Sample Video Title 433,4166186,4191415.5789473685,0.9939806543917927,0,ch_33
vid_434,Sample Video Title 434,8465297,4203801.47368421,2.013724257192593,1,ch_34
vid_435,Sample Video Title 435,1791070,5307726.052631579,0.33744582562029746,0,ch_35
vid_436,Sample Video Title 436,1498410,5122351.842105263,0.29252383400926935,0,ch_36
vid_437,Sample Video Title 437,6072983,5940895.47368421,1.0222336055045342,0,ch_37
vid_438,Sample Video Title 438,5746162,5318377.947368421,1.0804350606245363,0,ch_38
vid_439,Sample Video Title 439,9292835,5141256.684210527,1.8075026342336573,1,ch_39
vid_440,Sample Video Title 440,622460,4990335.421052632,0.12473309857545702,0,ch_40
vid_441,Sample Video Title 441,708037,5235710.2105263155,0.1352322744248049,0,ch_41
vid_442,Sample Video Title 442,1413347,4641339.105263158,0.30451276408445493,0,ch_42
vid_443,Sample Video Title 443,2156985,4704777.0,0.45846700066664486,0,ch_43
vid_444,Sample Video Title 444,2864835,4537495.157894737,0.6313692687934206,0,ch_44
vid_445,Sample Video Title 445,5281565,6202882.263157895,0.8514694904595262,0,ch_45
vid_446,Sample Video Title 446,3706309,4460641.0,0.8308915691694739,0,ch_46
vid_447,Sample Video Title 447,4068802,5288204.263157895,0.7694108997148661,0,ch_47
vid_448,Sample Video Title 448,5345225,4820132.736842105,1.1089373035587435,0,ch_48
vid_449,Sample Video Title 449,834947,5363441.736842105,0.155673733577284,0,ch_49
vid_450,Sample Video Title 450,8975997,4795991.0,1.8715625196088328,1,ch_0
vid_451,Sample Video Title 451,3165535,5456784.736842105,0.5801099278521522,0,ch_1
vid_452,Sample Video Title 452,2662102,5128743.105263158,0.5190554382150548,0,ch_2
vid_453,Sample Video Title 453,6264285,4963103.105263158,1.2621710383861204,0,ch_3
vid_454,Sample Video Title 454,4226623,4401267.684210527,0.9603194586762663,0,ch_4
vid_455,Sample Video Title 455,8766257,5418937.105263158,1.617707832679876,1,ch_5
vid_456,Sample Video Title 456,5612032,5261764.736842105,1.0665684006536267,0,ch_6
vid_457,Sample Video Title 457,442381,3504205.5789473685,0.12624287874446705,0,ch_7
vid_458,Sample Video Title 458,6047870,5044922.315789473,1.1988033950611168,0,ch_8
vid_459,Sample Video Title 459,766498,4882248.894736842,0.1569969119814292,0,ch_9
vid_460,Sample Video Title 460,7373574,5412118.894736842,1.3624190716055782,0,ch_10
vid_461,Sample Video Title 461,8329998,5110910.421052632,1.6298462140269863,1,ch_11
vid_462,Sample Video Title 462,614717,4963121.368421053,0.12385693485354461,0,ch_12
vid_463,Sample Video Title 463,9548378,5899571.47368421,1.6184867057845762,1,ch_13
vid_464,Sample Video Title 464,7614005,3756555.947368421,2.026857873716367,1,ch_14
vid_465,Sample Video Title 465,9480072,5697089.263157895,1.6640202675582723,1,ch_15
vid_466,Sample Video Title 466,5080419,4844302.315789473,1.0487411125086978,0,ch_16
vid_467,Sample Video Title 467,5844927,5250080.7894736845,1.1133022965490051,0,ch_17
vid_468,Sample Video Title 468,437185,4674120.7894736845,0.09353309845642492,0,ch_18
vid_469,Sample Video Title 469,6256385,4363090.105263158,1.4339344017760802,0,ch_19
vid_470,Sample Video Title 470,8340080,5189939.684210527,1.6069705059111088,1,ch_20
vid_471,Sample Video Title 471,5618181,5509141.842105263,1.0197924034286383,0,ch_21
vid_472,Sample Video Title 472,2593539,5144199.105263158,0.5041676939256579,0,ch_22
vid_473,Sample Video Title 473,6174672,4810582.684210527,1.283560101825898,0,ch_23
vid_474,Sample Video Title 474,2831318,5759321.052631579,0.4916062108920605,0,ch_24
vid_475,Sample Video Title 475,2323022,4314019.263157895,0.5384820647031942,0,ch_25
vid_476,Sample Video Title 476,2016925,4572044.2105263155,0.4411429345656761,0,ch_26
vid_477,Sample Video Title 477,7980338,5152662.2105263155,1.5487795772215711,1,ch_27
vid_478,Sample Video Title 478,2837786,3803374.210526316,0.7461232692114832,0,ch_28
vid_479,Sample Video Title 479,8383412,5370956.52631579,1.560878766921429,1,ch_29
vid_480,Sample Video Title 480,5761041,5717413.52631579,1.007630631136497,0,ch_30
vid_481,Sample Video Title 481,1167368,6421636.52631579,0.1817866824468065,0,ch_31
vid_482,Sample Video Title 482,1197502,5844963.315789473,0.20487759037991599,0,ch_32
vid_483,Sample Video Title 483,8217502,3978188.4210526315,2.065639213188647,1,ch_33
vid_484,Sample Video Title 484,6065469,4330108.2105263155,1.4007661483473062,0,ch_34
vid_485,Sample Video Title 485,8046987,4978467.263157895,1.6163583236820458,1,ch_35
vid_486,Sample Video Title 486,6209215,4874414.736842105,1.2738380575326071,0,ch_36
vid_487,Sample Video Title 487,1806091,6165468.736842105,0.2929365271458879,0,ch_37
vid_488,Sample Video Title 488,1529716,5540296.157894737,0.2761072614895225,0,ch_38
vid_489,Sample Video Title 489,29124,5628820.421052632,0.005174085833511429,0,ch_39
vid_490,Sample Video Title 490,995867,4970682.421052632,0.20034814450831556,0,ch_40
vid_491,Sample Video Title 491,3833280,5071223.736842105,0.7558885584447627,0,ch_41
vid_492,Sample Video Title 492,4639410,4471546.315789473,1.0375404104856094,0,ch_42
vid_493,Sample Video Title 493,2417841,4691047.736842105,0.5154159871377637,0,ch_43
vid_494,Sample Video Title 494,7796276,4277945.631578947,1.822434568226209,1,ch_44
vid_495,Sample Video Title 495,7198979,6101965.736842105,1.179780305307618,0,ch_45
vid_496,Sample Video Title 496,8747298,4195325.7894736845,2.085010423249281,1,ch_46
vid_497,Sample Video Title 497,4161915,5283303.578947368,0.7877486004355881,0,ch_47
vid_498,Sample Video Title 498,9677128,4592137.842105263,2.107325244301128,1,ch_48
vid_499,Sample Video Title 499,952373,5357261.421052632,0.17777235888762985,0,ch_49
vid_500,Sample Video Title 500,5852982,4960360.2105263155,1.1799510018582249,0,ch_0
vid_501,Sample Video Title 501,3206218,5454643.52631579,0.5877960648621317,0,ch_1
vid_502,Sample Video Title 502,3788260,5069471.631578947,0.7472691979169097,0,ch_2
vid_503,Sample Video Title 503,999918,5240175.052631579,0.1908176711569855,0,ch_3
vid_504,Sample Video Title 504,1828371,4527491.47368421,0.4038375357796399,0,ch_4
vid_505,Sample Video Title 505,8086555,5454710.894736842,1.4824901183649815,0,ch_5
vid_506,Sample Video Title 506,140812,5549723.684210527,0.025372794757398346,0,ch_6
vid_507,Sample Video Title 507,7022373,3157890.210526316,2.2237546373746047,1,ch_7
vid_508,Sample Video Title 508,7810783,4952137.421052632,1.5772548974062919,1,ch_8
vid_509,Sample Video Title 509,8026778,4500128.894736842,1.7836773540797775,1,ch_9
vid_510,Sample Video Title 510,8491854,5353262.052631579,1.586295218970212,1,ch_10
vid_511,Sample Video Title 511,8341298,5110315.684210527,1.6322471086778456,1,ch_11
vid_512,Sample Video Title 512,2461590,4865917.52631579,0.5058840366040327,0,ch_12
vid_513,Sample Video Title 513,3162819,6235653.52631579,0.5072153201981406,0,ch_13
vid_514,Sample Video Title 514,1940384,4055167.5789473685,0.4784966249160277,0,ch_14
vid_515,Sample Video Title 515,3341424,6020176.0,0.5550375935843819,0,ch_15
vid_516,Sample Video Title 516,7916121,4695054.842105263,1.6860550656387117,1,ch_16
vid_517,Sample Video Title 517,2579943,5421922.052631579,0.47583550168210975,0,ch_17
vid_518,Sample Video Title 518,3128014,4532498.2105263155,0.6901302228269105,0,ch_18
vid_519,Sample Video Title 519,2472729,4562229.894736842,0.5420000870291987,0,ch_19
vid_520,Sample Video Title 520,1155937,5568052.47368421,0.2076016714032646,0,ch_20
vid_521,Sample Video Title 521,415178,5782984.105263158,0.07179303841098647,0,ch_21
vid_522,Sample Video Title 522,7375158,4892534.947368421,1.5074308266212488,1,ch_22
vid_523,Sample Video Title 523,4507787,4898313.47368421,0.9202732785903792,0,ch_23
vid_524,Sample Video Title 524,5417109,5623226.7894736845,0.9633452824863552,0,ch_24
vid_525,Sample Video Title 525,8441737,3991981.6315789474,2.114673307411962,1,ch_25
vid_526,Sample Video Title 526,2097486,4567804.157894737,0.45918912621729435,0,ch_26
vid_527,Sample Video Title 527,5145167,5301881.736842105,0.9704416762518827,0,ch_27
vid_528,Sample Video Title 528,23639,3951487.210526316,0.005982304570534494,0,ch_28
vid_529,Sample Video Title 529,7817935,5400718.47368421,1.447573140144141,0,ch_29
vid_530,Sample Video Title 530,6935540,5655597.7894736845,1.2263142214420388,0,ch_30
vid_531,Sample Video Title 531,3526323,6297481.0,0.5599577037222344,0,ch_31
vid_532,Sample Video Title 532,8332218,5469451.947368421,1.52341003818376,1,ch_32
vid_533,Sample Video Title 533,1334698,4340441.263157895,0.30750283648023924,0,ch_33
vid_534,Sample Video Title 534,6297221,4317910.736842105,1.458395363816825,0,ch_34
vid_535,Sample Video Title 535,7107792,5027898.578947368,1.413670520274086,0,ch_35
vid_536,Sample Video Title 536,7347352,4814512.7894736845,1.526084221034532,1,ch_36
vid_537,Sample Video Title 537,7572160,5861991.421052632,1.2917384991033232,0,ch_37
vid_538,Sample Video Title 538,9486341,5121526.421052632,1.852248767278983,1,ch_38
vid_539,Sample Video Title 539,5886480,5320538.52631579,1.1063692088449237,0,ch_39
vid_540,Sample Video Title 540,8664348,4567078.157894737,1.8971315358384386,1,ch_40
vid_541,Sample Video Title 541,6807348,4914693.842105263,1.385101131156147,0,ch_41
vid_542,Sample Video Title 542,9296828,4226419.052631579,2.1996938505634778,1,ch_42
vid_543,Sample Video Title 543,3090529,4655643.105263158,0.6638242945425843,0,ch_43
vid_544,Sample Video Title 544,9058513,4211512.105263158,2.1508932596104855,1,ch_44
vid_545,Sample Video Title 545,4222210,6258637.7894736845,0.6746212421965895,0,ch_45
vid_546,Sample Video Title 546,6608782,4307879.263157895,1.5341149545449624,1,ch_46
vid_547,Sample Video Title 547,5971537,5188060.315789473,1.151015338394306,0,ch_47
vid_548,Sample Video Title 548,9527153,4600031.263157895,2.0711061414480376,1,ch_48
vid_549,Sample Video Title 549,5561080,5114697.894736842,1.0872743834414198,0,ch_49
vid_550,Sample Video Title 550,1505907,5189153.631578947,0.29020281666605485,0,ch_0
vid_551,Sample Video Title 551,2657351,5483531.263157895,0.48460579004063525,0,ch_1
vid_552,Sample Video Title 552,5734219,4967052.736842105,1.1544510001788486,0,ch_2
vid_553,Sample Video Title 553,6651117,4942743.52631579,1.3456326359187278,0,ch_3
vid_554,Sample Video Title 554,845903,4579200.315789473,0.18472723219410322,0,ch_4
vid_555,Sample Video Title 555,7060493,5508714.157894737,1.28169529178938,0,ch_5
vid_556,Sample Video Title 556,4181297,5337066.578947368,0.7834447890318139,0,ch_6
vid_557,Sample Video Title 557,2960138,3371692.052631579,0.8779384219507402,0,ch_7
vid_558,Sample Video Title 558,5224273,5088269.52631579,1.0267288265628527,0,ch_8
vid_559,Sample Video Title 559,6994687,4554449.47368421,1.5357919854858906,1,ch_9
vid_560,Sample Video Title 560,9390217,5305979.7894736845,1.7697423232955334,1,ch_10
vid_561,Sample Video Title 561,7448787,5157289.947368421,1.4443219357458088,0,ch_11
vid_562,Sample Video Title 562,1713547,4905288.2105263155,0.3493264669585339,0,ch_12
vid_563,Sample Video Title 563,9865700,5882870.315789473,1.6770214997777435,1,ch_13
vid_564,Sample Video Title 564,8845673,3691731.3157894737,2.3960771365302893,1,ch_14
vid_565,Sample Video Title 565,5294395,5917388.052631579,0.8947182359684069,0,ch_15
vid_566,Sample Video Title 566,1321070,5042162.7894736845,0.26200463078172,0,ch_16
vid_567,Sample Video Title 567,8395062,5115863.157894737,1.6409864261182268,1,ch_17
vid_568,Sample Video Title 568,4773648,4445885.894736842,1.0737225635143794,0,ch_18
vid_569,Sample Video Title 569,2353446,4568507.947368421,0.5151454319676723,0,ch_19
vid_570,Sample Video Title 570,6391636,5292489.368421053,1.2076804609424823,0,ch_20
vid_571,Sample Video Title 571,544777,5776163.105263158,0.09431468434516052,0,ch_21
vid_572,Sample Video Title 572,7122555,4905829.842105263,1.4518552883458642,0,ch_22
vid_573,Sample Video Title 573,1035231,5081079.578947368,0.2037423315090901,0,ch_23
vid_574,Sample Video Title 574,7731781,5501401.947368421,1.4054201227169778,0,ch_24
vid_575,Sample Video Title 575,4662233,4190902.8947368423,1.1124650503937836,0,ch_25
vid_576,Sample Video Title 576,1310929,4609201.894736842,0.28441561683251065,0,ch_26
vid_577,Sample Video Title 577,5993910,5257211.052631579,1.1401311341663283,0,ch_27
vid_578,Sample Video Title 578,6076356,3632923.1578947366,1.6725803811122986,1,ch_28
vid_579,Sample Video Title 579,1299000,5743820.315789473,0.2261560997002035,0,ch_29
vid_580,Sample Video Title 580,6605401,5672973.52631579,1.1643630927144684,0,ch_30
vid_581,Sample Video Title 581,6581934,6136659.368421053,1.07255977639228,0,ch_31
vid_582,Sample Video Title 582,4848437,5652808.842105263,0.8577040433204762,0,ch_32
vid_583,Sample Video Title 583,6519547,4067554.4736842103,1.6028173788853664,1,ch_33
vid_584,Sample Video Title 584,3100820,4486142.368421053,0.6911996422183222,0,ch_34
vid_585,Sample Video Title 585,8090346,4976185.2105263155,1.6258128782807206,1,ch_35
vid_586,Sample Video Title 586,9566381,4697721.7894736845,2.0363873019077654,1,ch_36
vid_587,Sample Video Title 587,1110041,6202102.947368421,0.1789781642481774,0,ch_37
vid_588,Sample Video Title 588,9713236,5109584.578947368,1.9009835046085148,1,ch_38
vid_589,Sample Video Title 589,2762356,5484966.105263158,0.50362316684953,0,ch_39
vid_590,Sample Video Title 590,6672347,4671920.315789473,1.428180822655621,0,ch_40
vid_591,Sample Video Title 591,9038961,4797240.52631579,1.884200083443168,1,ch_41
vid_592,Sample Video Title 592,3438207,4534767.52631579,0.7581881496769346,0,ch_42
vid_593,Sample Video Title 593,9541924,4316096.0,2.2107765906916557,1,ch_43
vid_594,Sample Video Title 594,5423796,4402813.0,1.231893337279526,0,ch_44
vid_595,Sample Video Title 595,2952203,6325480.263157895,0.4667160242661943,0,ch_45
vid_596,Sample Video Title 596,2239098,4537862.631578947,0.4934256899742187,0,ch_46
vid_597,Sample Video Title 597,1771548,5409112.368421053,0.3275117763016354,0,ch_47
vid_598,Sample Video Title 598,4679983,4855145.47368421,0.9639223016811211,0,ch_48
vid_599,Sample Video Title 599,2667096,5267012.842105263,0.5063773489735558,0,ch_49
vid_600,Sample Video Title 600,7818806,4856895.7894736845,1.6098360637939864,1,ch_0
vid_601,Sample Video Title 601,9161228,5141221.947368421,1.7819164575595567,1,ch_1
vid_602,Sample Video Title 602,7286693,4885343.578947368,1.4915415635014824,0,ch_2
vid_603,Sample Video Title 603,5058912,5026543.7894736845,1.006439456587255,0,ch_3
vid_604,Sample Video Title 604,5360393,4341595.578947368,1.2346596781101606,0,ch_4
vid_605,Sample Video Title 605,3827168,5678889.157894737,0.673928983923338,0,ch_5
vid_606,Sample Video Title 606,9541571,5054946.894736842,1.8875709673460088,1,ch_6
vid_607,Sample Video Title 607,2970535,3371144.8421052634,0.8811650460370323,0,ch_7
vid_608,Sample Video Title 608,6819926,5004287.7894736845,1.3628165059435249,0,ch_8
vid_609,Sample Video Title 609,806399,4880148.842105263,0.16524065680965433,0,ch_9
vid_610,Sample Video Title 610,3754009,5602622.315789473,0.6700449875790561,0,ch_10
vid_611,Sample Video Title 611,9547411,5046836.052631579,1.8917616701661553,1,ch_11
vid_612,Sample Video Title 612,1713537,4905288.736842105,0.3493243908613699,0,ch_12
vid_613,Sample Video Title 613,2739173,6257950.684210527,0.43771086386264546,0,ch_13
vid_614,Sample Video Title 614,2889418,4005218.4210526315,0.7214133403574539,0,ch_14
vid_615,Sample Video Title 615,9958258,5671921.578947368,1.7557115100012652,1,ch_15
vid_616,Sample Video Title 616,5757315,4808676.2105263155,1.1972764952202681,0,ch_16
vid_617,Sample Video Title 617,2035438,5450580.2105263155,0.3734351062416016,0,ch_17
vid_618,Sample Video Title 618,5973037,4382760.157894737,1.3628482474057002,0,ch_18
vid_619,Sample Video Title 619,7345771,4305754.0,1.706035923088718,1,ch_19
vid_620,Sample Video Title 620,6565789,5283323.421052632,1.2427384198787943,0,ch_20
vid_621,Sample Video Title 621,7260822,5422687.052631579,1.338971238707755,0,ch_21
vid_622,Sample Video Title 622,7551420,4883258.0,1.5463897258724681,1,ch_22
vid_623,Sample Video Title 623,7212519,4755959.157894737,1.5165224848519334,1,ch_23
vid_624,Sample Video Title 624,4270782,5683559.7894736845,0.7514273022872473,0,ch_24
vid_625,Sample Video Title 625,418429,4414261.0,0.09479027180292514,0,ch_25
vid_626,Sample Video Title 626,4408048,4446195.631578947,0.9914201634948496,0,ch_26
vid_627,Sample Video Title 627,4513670,5335118.421052632,0.8460299554327384,0,ch_27
vid_628,Sample Video Title 628,4411317,3720556.789473684,1.1856604399827413,0,ch_28
vid_629,Sample Video Title 629,5252507,5535741.0,0.9488353952958622,0,ch_29
vid_630,Sample Video Title 630,5598196,5725984.315789473,0.9776827338756636,0,ch_30
vid_631,Sample Video Title 631,6615727,6134880.7894736845,1.0783790634270474,0,ch_31
vid_632,Sample Video Title 632,3021451,5748966.0,0.5255642492919153,0,ch_32
vid_633,Sample Video Title 633,7938638,3992865.4736842103,1.9882057265142845,1,ch_33
vid_634,Sample Video Title 634,5367957,4366819.368421053,1.2292601427039664,0,ch_34
vid_635,Sample Video Title 635,5165680,5130115.0,1.0069325931270412,0,ch_35
vid_636,Sample Video Title 636,194377,5190985.157894737,0.03744510802617231,0,ch_36
vid_637,Sample Video Title 637,3503354,6076139.105263158,0.5765756740097714,0,ch_37
vid_638,Sample Video Title 638,2698623,5478774.736842105,0.49255958304840364,0,ch_38
vid_639,Sample Video Title 639,9464050,5132245.368421053,1.8440369313233358,1,ch_39
vid_640,Sample Video Title 640,3383967,4844992.947368421,0.6984462179312423,0,ch_40
vid_641,Sample Video Title 641,9661746,4764462.368421053,2.0278774923311302,1,ch_41
vid_642,Sample Video Title 642,1066245,4659607.631578947,0.22882720698875791,0,ch_42
vid_643,Sample Video Title 643,2331959,4695567.842105263,0.49662981739595047,0,ch_43
vid_644,Sample Video Title 644,6092651,4367610.105263158,1.3949621997266068,0,ch_44
vid_645,Sample Video Title 645,8386214,6039479.684210527,1.3885656444727905,0,ch_45
vid_646,Sample Video Title 646,6901442,4292476.105263158,1.6077997479174826,1,ch_46
vid_647,Sample Video Title 647,4895655,5244685.684210527,0.9334506002388969,0,ch_47
vid_648,Sample Video Title 648,1254168,5035451.52631579,0.2490676344401486,0,ch_48
vid_649,Sample Video Title 649,3894081,5202434.684210527,0.7485112714266483,0,ch_49
vid_650,Sample Video Title 650,2241757,5150424.684210527,0.43525672880299016,0,ch_0
vid_651,Sample Video Title 651,6144645,5299989.47368421,1.159369283750114,0,ch_1
vid_652,Sample Video Title 652,3927306,5062153.421052632,0.7758172606265245,0,ch_2
vid_653,Sample Video Title 653,5463475,5005251.0,1.0915486555997063,0,ch_3
vid_654,Sample Video Title 654,2489338,4492703.736842105,0.5540846104720452,0,ch_4
vid_655,Sample Video Title 655,4682198,5633887.578947368,0.8310776412167082,0,ch_5
vid_656,Sample Video Title 656,4826808,5303092.315789473,0.9101874364169596,0,ch_6
vid_657,Sample Video Title 657,8843814,3062024.8947368423,2.8882240687109686,1,ch_7
vid_658,Sample Video Title 658,6774698,5006668.2105263155,1.3531350021842756,0,ch_8
vid_659,Sample Video Title 659,828156,4879003.736842105,0.16973875091440693,0,ch_9
vid_660,Sample Video Title 660,3990940,5590152.263157895,0.7139233087254705,0,ch_10
vid_661,Sample Video Title 661,3960643,5340876.47368421,0.7415717288178505,0,ch_11
vid_662,Sample Video Title 662,7442300,4603774.894736842,1.6165647039980322,1,ch_12
vid_663,Sample Video Title 663,7420700,6011554.52631579,1.234406170234884,0,ch_13
vid_664,Sample Video Title 664,619567,4124684.263157895,0.15020955798545219,0,ch_14
vid_665,Sample Video Title 665,5750333,5893391.315789473,0.9757256377298499,0,ch_15
vid_666,Sample Video Title 666,3259218,4940155.0,0.6597400283985833,0,ch_16
vid_667,Sample Video Title 667,8792225,5094959.842105263,1.725671108793225,1,ch_17
vid_668,Sample Video Title 668,8261028,4262339.578947368,1.938144027938002,1,ch_18
vid_669,Sample Video Title 669,5778108,4388262.578947368,1.3167188371332268,0,ch_19
vid_670,Sample Video Title 670,5053454,5362920.0,0.9422952421424481,0,ch_20
vid_671,Sample Video Title 671,7995033,5384044.368421053,1.4849493155885356,0,ch_21
vid_672,Sample Video Title 672,2095873,5170392.052631579,0.4053605565421694,0,ch_22
vid_673,Sample Video Title 673,5723752,4834315.315789473,1.1839840031314626,0,ch_23
vid_674,Sample Video Title 674,2426569,5780623.631578947,0.4197763346396931,0,ch_24
vid_675,Sample Video Title 675,1162141,4375118.263157895,0.26562504830635775,0,ch_25
vid_676,Sample Video Title 676,208563,4667221.157894737,0.04468676176760189,0,ch_26
vid_677,Sample Video Title 677,7615468,5171865.894736842,1.4724797887228995,0,ch_27
vid_678,Sample Video Title 678,371272,3933190.736842105,0.09439460856076974,0,ch_28
vid_679,Sample Video Title 679,7157710,5435467.157894737,1.316852773103527,0,ch_29
vid_680,Sample Video Title 680,9440318,5523767.368421053,1.7090361288479439,1,ch_30
vid_681,Sample Video Title 681,1301138,6414596.0,0.20284021004564773,0,ch_31
vid_682,Sample Video Title 682,8959111,5436457.578947368,1.6479685291167534,1,ch_32
vid_683,Sample Video Title 683,4437135,4177155.1052631577,1.0622385063936575,0,ch_33
vid_684,Sample Video Title 684,4022557,4437629.894736842,0.9064651842105637,0,ch_34
vid_685,Sample Video Title 685,3666824,5209002.157894737,0.7039398120493272,0,ch_35
vid_686,Sample Video Title 686,4486899,4965062.947368421,0.9036942829434029,0,ch_36
vid_687,Sample Video Title 687,6335442,5927081.842105263,1.068897337469361,0,ch_37
vid_688,Sample Video Title 688,4639219,5376638.105263158,0.8628475469550515,0,ch_38
vid_689,Sample Video Title 689,9882410,5110226.421052632,1.9338497330114446,1,ch_39
vid_690,Sample Video Title 690,8188982,4592097.421052632,1.7832770625552263,1,ch_40
vid_691,Sample Video Title 691,8458473,4827792.52631579,1.752037386419618,1,ch_41
vid_692,Sample Video Title 692,187918,4705835.368421053,0.0399329736991315,0,ch_42
vid_693,Sample Video Title 693,8920811,4348786.157894737,2.051333562075649,1,ch_43
vid_694,Sample Video Title 694,3178824,4520969.421052632,0.7031288433826286,0,ch_44
vid_695,Sample Video Title 695,4841613,6226037.631578947,0.7776395335992166,0,ch_45
vid_696,Sample Video Title 696,5430835,4369876.47368421,1.242789134359415,0,ch_46
vid_697,Sample Video Title 697,4101003,5286509.47368421,0.7757487280419496,0,ch_47
vid_698,Sample Video Title 698,8315789,4663787.263157895,1.783054957432057,1,ch_48
vid_699,Sample Video Title 699,3846637,5204931.736842105,0.7390369738694039,0,ch_49
vid_700,Sample Video Title 700,8419552,4825277.578947368,1.7448844884524286,1,ch_0
vid_701,Sample Video Title 701,9364286,5130534.684210527,1.8252066453815818,1,ch_1
vid_702,Sample Video Title 702,5709785,4968338.736842105,1.149234241548045,0,ch_2
vid_703,Sample Video Title 703,1345801,5221970.684210527,0.25771898798027915,0,ch_3
vid_704,Sample Video Title 704,2406709,4497052.631578947,0.5351747460312991,0,ch_4
vid_705,Sample Video Title 705,5033090,5615419.578947368,0.8962981179287959,0,ch_5
vid_706,Sample Video Title 706,8759303,5096118.894736842,1.718818414740917,1,ch_6
vid_707,Sample Video Title 707,6053429,3208887.263157895,1.8864573615540177,1,ch_7
vid_708,Sample Video Title 708,562556,5333623.052631579,0.10547352042836686,0,ch_8
vid_709,Sample Video Title 709,3116886,4758544.263157895,0.6550083024603417,0,ch_9
vid_710,Sample Video Title 710,5954092,5486828.47368421,1.0851609501820616,0,ch_10
vid_711,Sample Video Title 711,1987227,5444740.47368421,0.364981032539772,0,ch_11
vid_712,Sample Video Title 712,2598377,4858718.2105263155,0.5347865192851318,0,ch_12
vid_713,Sample Video Title 713,7864825,5988179.52631579,1.3133916519075501,0,ch_13
vid_714,Sample Video Title 714,1983377,4052904.789473684,0.489371723003804,0,ch_14
vid_715,Sample Video Title 715,7103038,5822196.315789473,1.2199928711996118,0,ch_15
vid_716,Sample Video Title 716,4312127,4884738.736842105,0.882775360628373,0,ch_16
vid_717,Sample Video Title 717,5871264,5248694.631578947,1.118614134010418,0,ch_17
vid_718,Sample Video Title 718,7808492,4286157.263157895,1.8217931635641273,1,ch_18
vid_719,Sample Video Title 719,8516043,4244160.736842105,2.0065316862424845,1,ch_19
vid_720,Sample Video Title 720,7459683,5236276.368421053,1.4246159818785784,0,ch_20
vid_721,Sample Video Title 721,4335227,5576665.736842105,0.7773869198133314,0,ch_21
vid_722,Sample Video Title 722,4310188,5053849.157894737,0.8528525219749437,0,ch_22
vid_723,Sample Video Title 723,6584938,4788989.736842105,1.375016101898854,0,ch_23
vid_724,Sample Video Title 724,6979063,5541018.684210527,1.2595270649194297,0,ch_24
vid_725,Sample Video Title 725,9543137,3934013.210526316,2.425801970984994,1,ch_25
vid_726,Sample Video Title 726,4622431,4434912.315789473,1.042282388206975,0,ch_26
vid_727,Sample Video Title 727,2731455,5428919.2105263155,0.5031305300507803,0,ch_27
vid_728,Sample Video Title 728,9459707,3454852.052631579,2.738093225371868,1,ch_28
vid_729,Sample Video Title 729,5147358,5541275.157894737,0.9289121823624286,0,ch_29
vid_730,Sample Video Title 730,2683652,5879381.368421053,0.4564514243640821,0,ch_30
vid_731,Sample Video Title 731,9488883,5983662.052631579,1.5857986157174415,1,ch_31
vid_732,Sample Video Title 732,3234616,5737746.7894736845,0.5637432460296962,0,ch_32
vid_733,Sample Video Title 733,2122210,4298993.263157895,0.4936527856840976,0,ch_33
vid_734,Sample Video Title 734,4416393,4416901.684210527,0.9998848323424667,0,ch_34
vid_735,Sample Video Title 735,2252463,5283442.2105263155,0.4263249052877131,0,ch_35
vid_736,Sample Video Title 736,1854446,5103613.105263158,0.3633594400178862,0,ch_36
vid_737,Sample Video Title 737,9435029,5763945.684210527,1.6369045644946816,1,ch_37
vid_738,Sample Video Title 738,7224166,5240588.263157895,1.3785028773912966,0,ch_38
vid_739,Sample Video Title 739,3545602,5443742.631578947,0.6513169780337488,0,ch_39
vid_740,Sample Video Title 740,5237847,4747420.315789473,1.103303826410394,0,ch_40
vid_741,Sample Video Title 741,6593583,4925944.631578947,1.3385418418463075,0,ch_41
vid_742,Sample Video Title 742,490486,4689910.736842105,0.10458322717016509,0,ch_42
vid_743,Sample Video Title 743,7317969,4433146.263157895,1.6507393543046855,1,ch_43
vid_744,Sample Video Title 744,360997,4669276.105263158,0.07731326909374987,0,ch_44
vid_745,Sample Video Title 745,9471026,5982384.315789473,1.5831523854104503,1,ch_45
vid_746,Sample Video Title 746,7485581,4261731.947368421,1.7564645295452501,1,ch_46
vid_747,Sample Video Title 747,52948,5499565.0,0.00962767055210798,0,ch_47
vid_748,Sample Video Title 748,2021195,4995081.684210527,0.4046370265345128,0,ch_48
vid_749,Sample Video Title 749,6854083,5046645.105263158,1.3581464234206364,0,ch_49
vid_750,Sample Video Title 750,2422048,5140935.684210527,0.47112979986000997,0,ch_0
vid_751,Sample Video Title 751,7300735,5239142.631578947,1.3934980422141714,0,ch_1
vid_752,Sample Video Title 752,4579438,5027830.684210527,0.910817863133742,0,ch_2
vid_753,Sample Video Title 753,4002378,5082150.842105263,0.7875362468254,0,ch_3
vid_754,Sample Video Title 754,6850800,4263153.105263158,1.6069795831461329,1,ch_4
vid_755,Sample Video Title 755,5996305,5564724.052631579,1.077556576620102,0,ch_5
vid_756,Sample Video Title 756,9192769,5073304.894736842,1.8119882779997436,1,ch_6
vid_757,Sample Video Title 757,4183046,3307328.4736842103,1.264780935208299,0,ch_7
vid_758,Sample Video Title 758,3344542,5187202.736842105,0.6447679355655302,0,ch_8
vid_759,Sample Video Title 759,371628,4903031.52631579,0.07579555587285584,0,ch_9
vid_760,Sample Video Title 760,9612703,5294270.0,1.8156805376344318,1,ch_10
vid_761,Sample Video Title 761,7351869,5162390.894736842,1.4241209450995143,0,ch_11
vid_762,Sample Video Title 762,8877752,4528224.7894736845,1.9605369460936715,1,ch_12
vid_763,Sample Video Title 763,2308063,6280640.684210527,0.3674884643216057,0,ch_13
vid_764,Sample Video Title 764,86834,4152722.8421052634,0.02091013614473957,0,ch_14
vid_765,Sample Video Title 765,9080996,5718093.263157895,1.5881161048025676,1,ch_15
vid_766,Sample Video Title 766,5933398,4799408.684210527,1.2362768812557676,0,ch_16
vid_767,Sample Video Title 767,9318150,5067279.578947368,1.838886103441974,1,ch_17
vid_768,Sample Video Title 768,2235455,4579475.0,0.4881465670180793,0,ch_18
vid_769,Sample Video Title 769,1585067,4608948.947368421,0.34391073064534367,0,ch_19
vid_770,Sample Video Title 770,3816712,5428011.684210527,0.70315102878193,0,ch_20
vid_771,Sample Video Title 771,3454011,5623045.52631579,0.6142598319414497,0,ch_21
vid_772,Sample Video Title 772,5657799,4982922.263157895,1.1354379420727814,0,ch_22
vid_773,Sample Video Title 773,2353892,5011676.368421053,0.4696815650003565,0,ch_23
vid_774,Sample Video Title 774,9218195,5423169.631578947,1.6997799490367664,1,ch_24
vid_775,Sample Video Title 775,2462354,4306686.0,0.5717514580803622,0,ch_25
vid_776,Sample Video Title 776,3518835,4492996.315789473,0.7831822580459576,0,ch_26
vid_777,Sample Video Title 777,7547433,5175446.684210527,1.4583152837824507,0,ch_27
vid_778,Sample Video Title 778,459831,3928529.736842105,0.1170491330857173,0,ch_28
vid_779,Sample Video Title 779,9689159,5302233.0,1.8273732972469763,1,ch_29
vid_780,Sample Video Title 780,3219115,5851199.105263158,0.5501632985107108,0,ch_30
vid_781,Sample Video Title 781,6240378,6154636.0,1.0139312869176766,0,ch_31
vid_782,Sample Video Title 782,8068684,5483322.157894737,1.471495521810298,0,ch_32
vid_783,Sample Video Title 783,6080699,4090651.736842105,1.486486601931873,0,ch_33
vid_784,Sample Video Title 784,4253225,4425489.47368421,0.9610744812029999,0,ch_34
vid_785,Sample Video Title 785,8985020,4929097.105263158,1.8228531124671512,1,ch_35
vid_786,Sample Video Title 786,7216320,4821409.2105263155,1.4967242324567767,0,ch_36
vid_787,Sample Video Title 787,8879978,5793158.894736842,1.5328386742597797,1,ch_37
vid_788,Sample Video Title 788,440842,5597605.315789473,0.07875546329708263,0,ch_38
vid_789,Sample Video Title 789,4824044,5376456.2105263155,0.8972534716355086,0,ch_39
vid_790,Sample Video Title 790,2187159,4907982.842105263,0.44563297598191465,0,ch_40
vid_791,Sample Video Title 791,625922,5240032.052631579,0.1194500326929228,0,ch_41
vid_792,Sample Video Title 792,1458790,4638947.368421053,0.3144657363278903,0,ch_42
vid_793,Sample Video Title 793,7784281,4408603.52631579,1.7657022123936743,1,ch_43
vid_794,Sample Video Title 794,5054772,4422235.315789473,1.1430355101051817,0,ch_44
vid_795,Sample Video Title 795,6951156,6115009.052631579,1.1367368290317117,0,ch_45
vid_796,Sample Video Title 796,579658,4625201.578947368,0.12532599717106144,0,ch_46
vid_797,Sample Video Title 797,6086305,5182019.894736842,1.1745043677215243,0,ch_47
vid_798,Sample Video Title 798,1976586,4997429.52631579,0.39552053502457807,0,ch_48
vid_799,Sample Video Title 799,6598823,5060079.842105263,1.304094639985265,0,ch_49
vid_800,Sample Video Title 800,4054644,5055009.578947368,0.8021041180373588,0,ch_0
vid_801,Sample Video Title 801,6398750,5286615.52631579,1.2103679505604499,0,ch_1
vid_802,Sample Video Title 802,7223237,4888683.368421053,1.4775424087893396,0,ch_2
vid_803,Sample Video Title 803,5678100,4993954.947368421,1.136994638484018,0,ch_3
vid_804,Sample Video Title 804,3469756,4441102.7894736845,0.7812825247405247,0,ch_4
vid_805,Sample Video Title 805,4984923,5617954.684210527,0.8873199020279464,0,ch_5
vid_806,Sample Video Title 806,5801771,5251778.47368421,1.10472500488371,0,ch_6
vid_807,Sample Video Title 807,3706296,3332420.5789473685,1.112193347803538,0,ch_7
vid_808,Sample Video Title 808,1509677,5283774.578947368,0.2857194184650285,0,ch_8
vid_809,Sample Video Title 809,8226250,4489630.368421053,1.832277787909464,1,ch_9
vid_810,Sample Video Title 810,3489391,5616549.578947368,0.6212695091436824,0,ch_10
vid_811,Sample Video Title 811,7348834,5162550.631578947,1.4234889930247816,0,ch_11
vid_812,Sample Video Title 812,6578853,4649219.47368421,1.4150446192578918,0,ch_12
vid_813,Sample Video Title 813,7266560,6019667.157894737,1.207136509276581,0,ch_13
vid_814,Sample Video Title 814,8733643,3697627.6315789474,2.361958496141747,1,ch_14
vid_815,Sample Video Title 815,1888427,6096649.52631579,0.30974832846231865,0,ch_15
vid_816,Sample Video Title 816,8529611,4662765.894736842,1.829302862837188,1,ch_16
vid_817,Sample Video Title 817,2477992,5427287.894736842,0.45658016454194145,0,ch_17
vid_818,Sample Video Title 818,5741070,4394968.947368421,1.306282267005441,0,ch_18
vid_819,Sample Video Title 819,1556794,4610437.0,0.3376673404270839,0,ch_19
vid_820,Sample Video Title 820,6550483,5284129.0,1.239652362761697,0,ch_20
vid_821,Sample Video Title 821,7474592,5411436.0,1.3812585051336075,0,ch_21
vid_822,Sample Video Title 822,9944523,4757305.2105263155,2.090368929446699,1,ch_22
vid_823,Sample Video Title 823,5265526,4858432.47368421,1.0837911257406543,0,ch_23
vid_824,Sample Video Title 824,1489773,5829928.684210527,0.2555388034217756,0,ch_24
vid_825,Sample Video Title 825,7012306,4067214.8421052634,1.7241051363672404,1,ch_25
vid_826,Sample Video Title 826,6664313,4327444.842105263,1.5400110788569803,1,ch_26
vid_827,Sample Video Title 827,3482189,5389406.894736842,0.6461172941672221,0,ch_27
vid_828,Sample Video Title 828,8212893,3520473.8421052634,2.3328941978632383,1,ch_28
vid_829,Sample Video Title 829,8405545,5369791.631578947,1.5653391372865542,1,ch_29
vid_830,Sample Video Title 830,1089744,5963271.263157895,0.1827426511235195,0,ch_30
vid_831,Sample Video Title 831,9546494,5980629.894736842,1.5962355417420626,1,ch_31
vid_832,Sample Video Title 832,7068381,5535969.684210527,1.2768099182600996,0,ch_32
vid_833,Sample Video Title 833,7882232,3995834.210526316,1.9726123719587596,1,ch_33
vid_834,Sample Video Title 834,9835214,4131700.5789473685,2.38042757747027,1,ch_34
vid_835,Sample Video Title 835,5302745,5122901.052631579,1.0351058795612862,0,ch_35
vid_836,Sample Video Title 836,9989600,4675447.105263158,2.1366084943477013,1,ch_36
vid_837,Sample Video Title 837,3195907,6092320.52631579,0.5245795893682922,0,ch_37
vid_838,Sample Video Title 838,4064906,5406865.105263158,0.7518045893239719,0,ch_38
vid_839,Sample Video Title 839,4202728,5409157.052631579,0.7769654234660435,0,ch_39
vid_840,Sample Video Title 840,5986376,4708024.052631579,1.2715262141962005,0,ch_40
vid_841,Sample Video Title 841,604806,5241143.421052632,0.11539581183171987,0,ch_41
vid_842,Sample Video Title 842,9848622,4197377.263157895,2.3463752201694947,1,ch_42
vid_843,Sample Video Title 843,4143462,4600225.578947368,0.9007084389411851,0,ch_43
vid_844,Sample Video Title 844,9370925,4195069.368421053,2.233795004802199,1,ch_44
vid_845,Sample Video Title 845,3574221,6292742.47368421,0.5679909856380507,0,ch_45
vid_846,Sample Video Title 846,1697111,4566388.263157895,0.37165280352718916,0,ch_46
vid_847,Sample Video Title 847,8365175,5062079.368421053,1.6525175508247145,1,ch_47
vid_848,Sample Video Title 848,2550588,4967218.894736842,0.5134841153663297,0,ch_48
vid_849,Sample Video Title 849,8574996,4956070.736842105,1.730200486493962,1,ch_49
vid_850,Sample Video Title 850,3500106,5084195.7894736845,0.6884286414067163,0,ch_0
vid_851,Sample Video Title 851,5934278,5311061.421052632,1.117343131537853,0,ch_1
vid_852,Sample Video Title 852,1329656,5198871.842105263,0.25575856462332097,0,ch_2
vid_853,Sample Video Title 853,381019,5272748.684210527,0.07226193069665073,0,ch_3
vid_854,Sample Video Title 854,4731319,4374704.736842105,1.0815173330770897,0,ch_4
vid_855,Sample Video Title 855,3935011,5673213.2105263155,0.6936123945935755,0,ch_5
vid_856,Sample Video Title 856,1426608,5482050.2105263155,0.26023256723517557,0,ch_6
vid_857,Sample Video Title 857,1186983,3465016.0,0.34256205454652283,0,ch_7
vid_858,Sample Video Title 858,7845585,4950305.736842105,1.5848687772139507,1,ch_8
vid_859,Sample Video Title 859,2129618,4810505.736842105,0.44270147807651883,0,ch_9
vid_860,Sample Video Title 860,4900764,5542266.7894736845,0.8842526327493075,0,ch_10
vid_861,Sample Video Title 861,7510405,5154046.894736842,1.4571860041969793,0,ch_11
vid_862,Sample Video Title 862,7679507,4591290.315789473,1.672625007739852,1,ch_12
vid_863,Sample Video Title 863,2820990,6253644.52631579,0.45109535537630235,0,ch_13
vid_864,Sample Video Title 864,418754,4135253.3684210526,0.10126441180044997,0,ch_14
vid_865,Sample Video Title 865,1072246,6139606.421052632,0.1746440938496539,0,ch_15
vid_866,Sample Video Title 866,9693572,4601504.7894736845,2.1066091297250775,1,ch_16
vid_867,Sample Video Title 867,8208890,5125661.684210527,1.60152786229947,1,ch_17
vid_868,Sample Video Title 868,333028,4679602.736842105,0.0711658699952002,0,ch_18
vid_869,Sample Video Title 869,294315,4676883.263157895,0.0629297297877487,0,ch_19
vid_870,Sample Video Title 870,8250995,5194628.368421053,1.5883706041693355,1,ch_20
vid_871,Sample Video Title 871,8618244,5351243.7894736845,1.610512310602753,1,ch_21
vid_872,Sample Video Title 872,6406531,4943515.315789473,1.295946424910373,0,ch_22
vid_873,Sample Video Title 873,9844902,4617412.684210527,2.13212521238221,1,ch_23
vid_874,Sample Video Title 874,6547968,5563707.894736842,1.1769072215639644,0,ch_24
vid_875,Sample Video Title 875,1388746,4363191.684210527,0.3182867268982009,0,ch_25
vid_876,Sample Video Title 876,5431214,4392344.7894736845,1.2365181378756092,0,ch_26
vid_877,Sample Video Title 877,4569871,5332160.47368421,0.8570392850224774,0,ch_27
vid_878,Sample Video Title 878,1423301,3877820.789473684,0.3670363013834651,0,ch_28
vid_879,Sample Video Title 879,851795,5767357.421052632,0.1476924244176733,0,ch_29
vid_880,Sample Video Title 880,6899330,5657503.578947368,1.219500775158412,0,ch_30
vid_881,Sample Video Title 881,7263217,6100802.368421053,1.1905347135294742,0,ch_31
vid_882,Sample Video Title 882,5792894,5603100.578947368,1.0338729277420804,0,ch_32
vid_883,Sample Video Title 883,6202188,4084257.5789473685,1.5185594640148279,1,ch_33
vid_884,Sample Video Title 884,769128,4608863.0,0.16688020450994773,0,ch_34
vid_885,Sample Video Title 885,5360803,5119845.368421053,1.0470634588018404,0,ch_35
vid_886,Sample Video Title 886,6856014,4840372.684210527,1.4164227523947497,0,ch_36
vid_887,Sample Video Title 887,6266193,5930726.52631579,1.0565641447443437,0,ch_37
vid_888,Sample Video Title 888,5339548,5339778.684210527,0.9999567989173019,0,ch_38
vid_889,Sample Video Title 889,1768622,5537267.894736842,0.3194033652729492,0,ch_39
vid_890,Sample Video Title 890,1536539,4942226.0,0.3109001895091182,0,ch_40
vid_891,Sample Video Title 891,2493871,5141718.947368421,0.48502670517834046,0,ch_41
vid_892,Sample Video Title 892,4839264,4461027.684210527,1.0847868120427417,0,ch_42
vid_893,Sample Video Title 893,711733,4780842.894736842,0.14887186541562522,0,ch_43
vid_894,Sample Video Title 894,3444648,4506978.684210527,0.7642920549103386,0,ch_44
vid_895,Sample Video Title 895,9588681,5976191.947368421,1.604480091073091,1,ch_45
vid_896,Sample Video Title 896,6069879,4336242.578947368,1.3998015308127614,0,ch_46
vid_897,Sample Video Title 897,6020427,5185487.157894737,1.1610147352929965,0,ch_47
vid_898,Sample Video Title 898,8954233,4630184.947368421,1.9338823614529321,1,ch_48
vid_899,Sample Video Title 899,6663234,5056689.7894736845,1.3177066969497357,0,ch_49
vid_900,Sample Video Title 900,1815527,5172857.842105263,0.3509717559254639,0,ch_0
vid_901,Sample Video Title 901,5775983,5319392.736842105,1.0858350352634603,0,ch_1
vid_902,Sample Video Title 902,3004832,5110704.684210527,0.5879486657246153,0,ch_2
vid_903,Sample Video Title 903,7223678,4912608.736842105,1.47043625636443,0,ch_3
vid_904,Sample Video Title 904,7434218,4232446.894736842,1.75648228669498,1,ch_4
vid_905,Sample Video Title 905,7335399,5494245.421052632,1.3351058130529005,0,ch_5
vid_906,Sample Video Title 906,2585516,5421055.052631579,0.4769396316571488,0,ch_6
vid_907,Sample Video Title 907,5131067,3257432.6315789474,1.575187449846694,1,ch_7
vid_908,Sample Video Title 908,5946550,5050254.947368421,1.1774752090658007,0,ch_8
vid_909,Sample Video Title 909,2465651,4792819.7894736845,0.5144468409619918,0,ch_9
vid_910,Sample Video Title 910,3262185,5628507.7894736845,0.5795825682421677,0,ch_10
vid_911,Sample Video Title 911,1094076,5491748.421052632,0.19922179898188064,0,ch_11
vid_912,Sample Video Title 912,3570355,4807561.47368421,0.7426540501949068,0,ch_12
vid_913,Sample Video Title 913,2021772,6295708.631578947,0.32113493782982355,0,ch_13
vid_914,Sample Video Title 914,2628797,4018935.3157894737,0.6541028390443407,0,ch_14
vid_915,Sample Video Title 915,9644323,5688444.47368421,1.6954235985952675,1,ch_15
vid_916,Sample Video Title 916,4779677,4860130.842105263,0.9834461571655452,0,ch_16
vid_917,Sample Video Title 917,8150855,5128716.157894737,1.5892583541472325,1,ch_17
vid_918,Sample Video Title 918,9655020,4188971.5789473685,2.304866437504722,1,ch_18
vid_919,Sample Video Title 919,9969021,4167688.210526316,2.3919785973426126,1,ch_19
vid_920,Sample Video Title 920,3988632,5418963.263157895,0.7360507547837238,0,ch_20
vid_921,Sample Video Title 921,6466330,5464502.421052632,1.1833337240506798,0,ch_21
vid_922,Sample Video Title 922,1391618,5207458.105263158,0.267235563276222,0,ch_22
vid_923,Sample Video Title 923,2981550,4978641.736842105,0.5988681567364946,0,ch_23
vid_924,Sample Video Title 924,2086473,5798523.421052632,0.3598283301609283,0,ch_24
vid_925,Sample Video Title 925,7453513,4043993.4210526315,1.8431071032854094,1,ch_25
vid_926,Sample Video Title 926,5189292,4405077.52631579,1.1780251241862507,0,ch_26
vid_927,Sample Video Title 927,8644962,5117682.0,1.6892339148823838,1,ch_27
vid_928,Sample Video Title 928,1329451,3882760.263157895,0.34239842531903264,0,ch_28
vid_929,Sample Video Title 929,5672913,5513614.368421053,1.0288918703638459,0,ch_29
vid_930,Sample Video Title 930,6894681,5657748.263157895,1.2186263296450592,0,ch_30
vid_931,Sample Video Title 931,7810327,6072007.105263158,1.286284232641497,0,ch_31
vid_932,Sample Video Title 932,6573269,5562028.2105263155,1.1818115175230615,0,ch_32
vid_933,Sample Video Title 933,426498,4388241.263157895,0.09719110104080943,0,ch_33
vid_934,Sample Video Title 934,7579581,4250418.105263158,1.7832553909453317,1,ch_34
vid_935,Sample Video Title 935,6715703,5048534.842105263,1.3302281176663562,0,ch_35
vid_936,Sample Video Title 936,3498308,5017094.052631579,0.6972777395229587,0,ch_36
vid_937,Sample Video Title 937,8130845,5832586.947368421,1.3940375125748585,0,ch_37
vid_938,Sample Video Title 938,6449658,5281351.842105263,1.2212134682200633,0,ch_38
vid_939,Sample Video Title 939,853857,5585413.421052632,0.1528726587686597,0,ch_39
vid_940,Sample Video Title 940,1042417,4968232.421052632,0.20981647226903333,0,ch_40
vid_941,Sample Video Title 941,2149364,5159850.894736842,0.41655544779176307,0,ch_41
vid_942,Sample Video Title 942,9948040,4192144.736842105,2.3730192119917155,1,ch_42
vid_943,Sample Video Title 943,5395745,4534315.947368421,1.189979935809199,0,ch_43
vid_944,Sample Video Title 944,945474,4638514.157894737,0.20383122004462742,0,ch_44
vid_945,Sample Video Title 945,3980966,6271334.842105263,0.6347876648629492,0,ch_45
vid_946,Sample Video Title 946,3535236,4469644.842105263,0.7909433802635082,0,ch_46
vid_947,Sample Video Title 947,2064417,5393698.2105263155,0.3827461084061519,0,ch_47
vid_948,Sample Video Title 948,581579,5070850.947368421,0.1146906122927298,0,ch_48
vid_949,Sample Video Title 949,8527012,4958596.2105263155,1.7196423418953346,1,ch_49
vid_950,Sample Video Title 950,8891780,4800423.47368421,1.8522907507485478,1,ch_0
vid_951,Sample Video Title 951,3580276,5434956.263157895,0.6587497353498757,0,ch_1
vid_952,Sample Video Title 952,9636614,4761663.52631579,2.0237914642061736,1,ch_2
vid_953,Sample Video Title 953,4500156,5055952.0,0.8900709500389046,0,ch_3
vid_954,Sample Video Title 954,2424924,4496093.947368421,0.5393401535601637,0,ch_4
vid_955,Sample Video Title 955,3823563,5679078.894736842,0.6732716820568918,0,ch_5
vid_956,Sample Video Title 956,1514498,5477424.421052632,0.27649820126704444,0,ch_6
vid_957,Sample Video Title 957,1186133,3465060.736842105,0.34231232583748683,0,ch_7
vid_958,Sample Video Title 958,5104780,5094558.631578947,1.0020063305087266,0,ch_8
vid_959,Sample Video Title 959,4766740,4671709.842105263,1.020341622467227,0,ch_9
vid_960,Sample Video Title 960,933309,5751080.2105263155,0.16228412156208905,0,ch_10
vid_961,Sample Video Title 961,5703992,5249121.263157895,1.0866565495493214,0,ch_11
vid_962,Sample Video Title 962,2497909,4864006.0,0.5135497365741047,0,ch_12
vid_963,Sample Video Title 963,8488138,5955373.578947368,1.4252906030936272,0,ch_13
vid_964,Sample Video Title 964,4793064,3905026.5263157897,1.2274088198089037,0,ch_14
vid_965,Sample Video Title 965,6084839,5875785.736842105,1.0355787757604473,0,ch_15
vid_966,Sample Video Title 966,3747295,4914466.736842105,0.7625028717561896,0,ch_16
vid_967,Sample Video Title 967,1577961,5474657.947368421,0.28823006207275803,0,ch_17
vid_968,Sample Video Title 968,1940241,4595012.578947368,0.42224933374181334,0,ch_18
vid_969,Sample Video Title 969,1564177,4610048.421052632,0.33929730387505386,0,ch_19
vid_970,Sample Video Title 970,9039010,5153153.894736842,1.754073366451257,1,ch_20
vid_971,Sample Video Title 971,6261278,5475294.631578947,1.143550881056963,0,ch_21
vid_972,Sample Video Title 972,5084761,5013082.157894737,1.0142983577442948,0,ch_22
vid_973,Sample Video Title 973,9725068,4623719.736842105,2.103299627459896,1,ch_23
vid_974,Sample Video Title 974,9897317,5387426.368421053,1.837114110365528,1,ch_24
vid_975,Sample Video Title 975,562464,4406680.2105263155,0.1276389420442073,0,ch_25
vid_976,Sample Video Title 976,1420632,4603428.052631579,0.30860306357667533,0,ch_26
vid_977,Sample Video Title 977,2997348,5414924.842105263,0.5535345526290129,0,ch_27
vid_978,Sample Video Title 978,2600083,3815884.8947368423,0.6813840227674104,0,ch_28
vid_979,Sample Video Title 979,8206011,5380293.421052632,1.5251976719104805,1,ch_29
vid_980,Sample Video Title 980,7661170,5617406.736842105,1.363826825951575,0,ch_30
vid_981,Sample Video Title 981,8279053,6047337.315789473,1.3690410452828343,0,ch_31
vid_982,Sample Video Title 982,7876848,5493418.7894736845,1.4338699272444018,0,ch_32
vid_983,Sample Video Title 983,3211479,4241663.315789473,0.7571272778859623,0,ch_33
vid_984,Sample Video Title 984,6424152,4311230.157894737,1.4900972030503112,0,ch_34
vid_985,Sample Video Title 985,3504291,5217556.52631579,0.6716345059835368,0,ch_35
vid_986,Sample Video Title 986,8216595,4768763.157894737,1.7230033717191662,1,ch_36
vid_987,Sample Video Title 987,7172564,5883022.7894736845,1.2191970448969638,0,ch_37
vid_988,Sample Video Title 988,8246392,5186786.894736842,1.5898844828870673,1,ch_38
vid_989,Sample Video Title 989,7451295,5238179.842105263,1.4224969788343589,0,ch_39
vid_990,Sample Video Title 990,9910356,4501498.7894736845,2.201568069539946,1,ch_40
vid_991,Sample Video Title 991,7841278,4860276.47368421,1.6133399082213082,1,ch_41
vid_992,Sample Video Title 992,9533901,4213941.52631579,2.2624663727388685,1,ch_42
vid_993,Sample Video Title 993,3431630,4637690.421052632,0.7399437410515454,0,ch_43
vid_994,Sample Video Title 994,3514598,4503297.105263158,0.7804499498566427,0,ch_44
vid_995,Sample Video Title 995,1033546,6426462.2105263155,0.16082658952004422,0,ch_45
vid_996,Sample Video Title 996,3295534,4482260.736842105,0.7352392449874426,0,ch_46
vid_997,Sample Video Title 997,6210617,5175477.157894737,1.200008580950695,0,ch_47
vid_998,Sample Video Title 998,6167039,4776879.368421053,1.2910183666675972,0,ch_48
vid_999,Sample Video Title 999,1569625,5324774.47368421,0.2947777427484228,0,ch_49
